-- phpMyAdmin SQL Dump
-- version 5.2.1
-- https://www.phpmyadmin.net/
--
-- Host: 127.0.0.1
-- Generation Time: Apr 27, 2023 at 08:50 AM
-- Server version: 10.4.28-MariaDB
-- PHP Version: 8.2.4

SET SQL_MODE = "NO_AUTO_VALUE_ON_ZERO";
START TRANSACTION;
SET time_zone = "+00:00";


/*!40101 SET @OLD_CHARACTER_SET_CLIENT=@@CHARACTER_SET_CLIENT */;
/*!40101 SET @OLD_CHARACTER_SET_RESULTS=@@CHARACTER_SET_RESULTS */;
/*!40101 SET @OLD_COLLATION_CONNECTION=@@COLLATION_CONNECTION */;
/*!40101 SET NAMES utf8mb4 */;

--
-- Database: `omtb`
--

-- --------------------------------------------------------

--
-- Table structure for table `bookings`
--

CREATE TABLE `bookings` (
  `selected_seats` int(11) NOT NULL COMMENT 'no of seats booked',
  `selected_movie` varchar(100) NOT NULL,
  `name` varchar(100) NOT NULL,
  `email` varchar(100) NOT NULL,
  `booking_time` datetime NOT NULL
) ENGINE=InnoDB DEFAULT CHARSET=utf8mb4 COLLATE=utf8mb4_general_ci;

-- --------------------------------------------------------

--
-- Table structure for table `movies`
--

CREATE TABLE `movies` (
  `movie_id` int(20) NOT NULL COMMENT 'Unique identifier for each movie',
  `image_url` blob NOT NULL,
  `title` varchar(100) NOT NULL COMMENT 'Title of the movie',
  `release_date` date NOT NULL COMMENT 'Release date of the movie',
  `runtime` int(11) NOT NULL COMMENT 'Runtime of the movie in minutes',
  `rating` varchar(100) NOT NULL COMMENT 'Rating of the movie',
  `description` varchar(1000) NOT NULL COMMENT 'Short description of the movie'
) ENGINE=InnoDB DEFAULT CHARSET=utf8mb4 COLLATE=utf8mb4_general_ci;

--
-- Dumping data for table `movies`
--

INSERT INTO `movies` (`movie_id`, `image_url`, `title`, `release_date`, `runtime`, `rating`, `description`) VALUES
(1, 0xffd8ffe000104a46494600010100000100010000ffdb0084000a0708151515181515161818181818181a191a18181819181818181a1a1a1a1a18181c212e251c1e2b2118182638262b2f313535351a243b403b343f2e343531010c0c0c100f101e12121f342b25213434343434343434343434343434343434343434343434343434343434343434343434343134343434343434343434343434ffc000110800fb00c903012200021101031101ffc4001c0000010501010100000000000000000000000103040506070208ffc4004c100002010203040507070808050500000001020003110412210506314122516171810713327291b1c11433425292a1d1166293a2b2c2d2f0174344535482e1f115233463835573a3c3e2ffc4001a010003010101010000000000000000000000020301040605ffc400291100020202020201030305000000000000000102111221033141512213617104328105333472c1ffda000c03010002110311003f00e470849184c367245ed617e179b2928ab63f1f1cb924a3156d91e1268c012e5730d0037b75f6406009764cdc0037b75db978c4fa91f7f72ebf45ccfc79afe48508f6268e462b7bdadaf7c663a69ab473ca32849c65dad042109a284210800421080042245800916108004211ec3e19ea1b223b9e8e8aacc7a4ca8ba28e6ce8a3acb01ce0033093ff00e0d89b03f26af62b9c1f3552c50fd2072eabdbc278a1b2ebbaa3a51aaeaec551929bb2bb2824aa102ccc02b1b0ea3d50021c24da5b2312e14a61eb30600a95a4e43036b1165d41b8d7b620d95882f51050ad9e98cd514537cd4d6d7bbadaea2dadcda0043849b5764e25012d87aca05ee5a938032e6bdc95d2de6ea7d86ea3214002108400258ec8f49bd5f8cae961b23d26f57e224b9bf633b7fa77f950fc92e9fcf3faa3e10a7f3cddcbf0853f9e6f557e10a5f3afea8f84e47e7f08f411f1feeffe95fb4fe70f70f709124bda7f387b87ba459dbc7fb57e0f35facfefcff21122c239ce2421160024205875c011d700084f6109e47d91c5c2543c11cf7293f0800c423c70aff51fec98c98004bcdd1dabf26aed50902f42b817bdb38a6d5290d39f9d4a76edb4a38400ebb86de5c12d245f9453046186966d08a3469e43d1f4ee8dd1ec951ba1b5f0d4a960deae2550d0f3f9a8d8e667735c2b93c3a2b56c3af3b70b4e7309940743de8db987386c351a15958d2a894dc293634514104e9e8e6247808dec3db787a78ada6ed5100acd58d066cd95999ea94600711d253dc660210a03b0ed5de4c13d2c4d25c4d326a52a8109cd60f50e272dce5d3a35ac7a8b4e538cc104008ad46a5cdad4d9d88d01b90c834d6dde24484d008422400f52c363d37667c94d9c842cc145c85522ec7b257da5a6c2daff0027354e4ce2a51a9488cc52d9edd2b80785b869de22c9292a63f172cb8e4a71ed1229d0ade7ea2798a85d16ee817a48ab96ecc3aba43da214e8d6f3f513cc5435112ee817a48aa149661d5623da23b4779b2e22bd71474ad47cd64ce46416a601cc175f9a1a0038e96b465f6f035eb57f356f394bcd2a8617a632a2121f27128aca6c14d9cd8889f4e3ebc51d2bf5fccab7d3bfe595fb5a9bad565756475b06561665361c47758f8c8727ed8c7f9facf542640d9004cd9b284454033585f45ea1c641944a9523967394e4e52edec484584d1449a6d83b7cd140829506b1bdde92331e5ab1173c26664843a4c037a37eca8e8e1f0e0f652591dfca1623e8a505eea29f1131578978501ae7dffc61e0d4d7ba8d2fe1919f7df1c7fae23b9107b9666af12f0a0340dbe18f3fda5ff57f0953b576a56ae41ace5c8e048507daa048b3cbcd01b845890008422c004845b42d0012116d0b400484f5962e5801bd7f24fb4070f30dead5fe251233f930da63fa807baa52fe295a9be35c1f9ba1e08c0fb43c989bf9547f563fcb52aafb898972f41a18a9b81b4d78e12a781a6dfb2e643abba38e5f4b0988f0a4e7dc25e52f287507d1a8a3f3712e7f694fbe4fa1e53dc71388fb68ff00b4b0b7e829187a9b1712be961ebafad46a0f7ac8b5b0ecbe9295f585bdf3a751f2b0c0ead56ddb4e89f7309317cac29d0ebebd1fe173ee864fd051c806bc083e314a19d71fca461dfd34c337af87a87e063077bb66b1bbe0702e7ad69643ed6a7f18581ca4ac71784ec5b1315b1b12cc3e434d02a925858a820a80b653704dc91a5ba26730de45a63155c5150b4d6ab840b7b6556205afdd353b02b2108e50c3bb9b22331fcd04dbbedc2300dde1261d935ffba7f60fc645ab4990d994a9fce047b2f300f3341bb5b9f89c7abb61f25a9950c1d8a9e98245b4b1f475d667e74ef241b4e9d315e9b9199dd1901e0c5430b29faff541e274bdcc1ba4064f11b89b4118afc96ab106d755cca7b430d089ea9f93fda4dc308fe2517f6984ee2dbc9a310960bc731604dbd2b285274baf2e73996d6df2c5a79c66acf995aea819901567b5ac3980469114afa0655d0f259b49b8d244f5aaa7ee9326d2f2478ce2f570c83b6a393fb16fbe52d7dffc5b7307af33556bf867b7dd21bef7624f0f363ba9afef5e6fc8346b57c96a0f9cda3875ec0b9cfedac7a9f93ec02fa78eaae7fede1d803dc487130adbd18c3fd791dc94d7dcb2355db9896e35eaf83bafdc0ccf91ba3a652dcdd969cb1b57f449ef0863f4f62ecb4d7e4353ff003626c3c42d461391be36ab7a551dbd6763ef3183af1d7be6d4bd868ec4715b369ff62d9eb6e6f88f3847786a7f18bf94580feeb667e8d3f19c722429fb0b1610847302108400210840021084007f098a7a4e1d1b2b2f03a1ef041d08ef9eab562eeced6ccec58d8585d8dcd8729163cb300bbdddd8c2bb1672569a712342cdf541e406973cae3ae6e2961d100440102dfa200038827bfaef6e533298d4a14692730a19b5b749b56d7c4f03a5ada5ccf1476fe9c6da0e1af21a00741adbf18ad363746d6a28ca6e6e39d8df88ec95d8dc2d365b3052a7420f0d75d6c3a27b6ffe99f7de5d6c0dc70e6458903526d7d05f8712786b2355db64d8d872d47a435e000d384ca61640dbdb27cc3064b947f46fa956e6a4f3e1707f089b176c2e1f30642d988370c0116ec20f6eb26e271a2b53743d2396eb73620aeba03c7e903af33a4cd548d56a9986c1f7cd095252a31516199c701c01363a4a0db3b58621b30a6a9c2f66666394102e4d873eae4255c20a297416108423181084200108420010842002c210800448b0800448b0800421080047563605f4e7cbb499a9d95b938eae030a429a9b58d56c9fabab7eacc724bb3526fa293168eaec8eeaf96c33236643a020ab5b5d08f64768e1330bf2963b43623d0ac70ef903a2add949656b8cc08b80781b5b4e11ba6962002ac2d7bd98746f6bf4870e5704c472d68ac60bc91db00bcd85fbc7e31bad840bc6dacbb386045ecbc34e5ec22573d10c4ae886d7b93a5ae05fa2bd6cbc481d2116326c671491574a9b17540c17390b7739545cf163c8467109958adc1b122e3506c6d7079897db3764b56c4a510c033dc073c10852d9ac2d7b053e244bbc57933ac05d6bd3661c991941ff0035dbdd19f24576c9383f060624b0dabb1abe19b2d6a6cb7e0742adeab0d0f771ec9023a69ed0ad35a6242109a60421080042108004210801ba5f276df4b19871dc1cfbc08e0f276bfe3a8fd863fbc2501dedc4ff00db1dd4d7e33c36f5628fd351dd4d3e2b27f3fb1ba3463c9e53e78f4f0a24fefcf63c9ee1f9e3c7861eff00fd932c779b17fdf1fb14ff008236dbc38a3fd7bf8051ee10a9fb41a35e9b8585fa58f63eae188fdf31c1b8b81ff1754f75103f7a625b6ee24f1af53c1c8f74f076be24ff0068adfa57fe2854bd868de0dc4c07f8aafe14967b5dc1c0917188c51ffc683ef2267375054ad533d4ab55912da354721dcea01d755005c8ee1ce773d8d86a468ae60a49e37fbadd525294b2c53d958c16393e8e6182c261300f7372fa90cf62c17f36c001de06b25e337f5145906b373bcfb07098aa452be55651d0704075206963cc761d270cc5e1c61ea3527b12a7461e8ba9e0c3abba2fd3dfc9db2aa6ab4a912b6aed46c4d5f38e329ca16fd601247bcc46739320bf85edc6fc39eb2b9eb8b8b708ed6da21532db53c7ba5717aa1725e46cd4216c099601c94c8d72395c93cefa5ccacf97d2cb6f346f7fae6d97d97bc9186da00ae52380d3ac761ebef9ad4aba31495f67ba18a7a5503a6aca0ebd57d0cd26cedfa75367171f84c8256d4cf352b2f217278459414bb46a9574ce858bdeac357051941522ccac2e0fdd2a9370a95662c988f34ac2ea1d0b81d81b30d3aae3c4cbadcbf27d41d056c4b677362b451aca9cfa646ac7b3877ce84db1d18a85011507203d9dd278b86e0cd728cb52472afe8b81f471f40ff948fde31aa9e4b2afd1c5e18f7971ee532f77ef06e80be1eaba32824aab1caca388ca740c3975f03cadce3f29f17fdf13de94cfbd256329496884a38bd9a36f25d8afa35f0adfe771fb91b3e4bb1dc9b0e7baa9f8a4a24de8c48e2e87be9a7c1447a9ef7e247f77f608fd9611be7f617459bf932da2382533dd593e368c54f273b497fb3e6f56a52f8bc6e9efbe2071543dc6a8fdf92137fab8fa03c2a551fbc66dcbd0688adb83b4c7f657f07a47dcf3c7e426d2ff000953da9fc52d13ca2d61f41bc2bbfc54c73fa48a9f51ff004e7f8265cbd052309084250c084484005842100365bbf5025345e17e931ed6ff004b7b26a5f794aa85cdc001c7aa73bc3d72001d51e7666d672cb8fe5675c65f148d56d5de5670016bda64b6c62bce58f3527d87fda37514f33231e3d91e1049d8b3936a88f792e8d41f48903930e23b0c6025e3a2915d79731ca588a4c96bc3d33c3f32ded915981d17fccc67a1492dc4f75f4bcf013368341d43e332d0db19771c070f7cf5837b3a93c8dfd91d387b48f96c61766534ecdf6c7de66a6474c8038d8f19aaa3bf79ac010a3c6f38ea068e2d671ce47e9d74ca669f68e8fb5f682b1cf9af7d7baf399ed5a212ab81e893997b9b5b781b8f093536835b2b136120e3df310dd96f67fbcde3838b6672c94a2bec4489084b90084210008421001610840048b08900165f6e96c9f9456bb0ba259987d63f457bb424f60ed9433a16e13aa20e17662cdee03d807df25cb2718b68af1454a4932836b60cd1c4ba30b0be61dcdafe33c97026b37eb0c2b81516c1974d3dc673eaace34693854d2d949b707d0e62ab5c9b44a16322abdae0f0324513697aa4494ad92d68da3c16fa4f0950456a927b653a18a9480bc7a8200246772499ee8558cd3a313563ceb239a638c7dde47aaf04121b152c6d1e46064367cbdf1b572358ce364f2a273a088d8367a4d5145c230cdeab73f036f6c8a6a13a4ddee8e1d5693070087b860781045883d7c6d27c92c158f08e6e8e7b124ddaf83f3359e98370add1278e53aadfb6c642954ed5a24d53a61084269810bc21001613aafe4b6cb4e34ebb7af5720f1b6589f25d914f8e1e97f9f137f7beb27f511b8b395c4bcea676becb4b95c3e0ee3b33fb91a27e5be0d3e6d2828fccc330f7aac33fb30a39720cc6cba93c00d4cd2ec6a8d46c1ae0900d8e84761ea9a96f296068be73b32d3a6a3ef73a7848583c27ca6b977d7331249e6589637f1262724b5b45b857cad0fa56675e970333bb6b076b9e53a462765a524cc785a6176e62919586921c6da968e9e4a7120ec0dd0af8c43511e9222b9426a3b2b120024850a6e3a435ef95bb5b67b61ab3d067572997a49728d9955eeb700e99adde0cf785dbb569279b4c814126e5033127ac9fe7490b1d8b7a8d99cddac05c2aae9c40b2803e919d8aece03dd3afc8c56a921069ed1e6e23643ea6fce2a3d8c6838885a1419121eac619f9c6cbcf379a918e566b375b71ebe3e93d5a75292047296a858162155ae2c0e9d202516d5d98f86aef87a9973d36cad9492a4d81ba920122c4729e705b46a530721161ad8aa9b5f4bdc8b8d48f6c56c4b55a85ded99ad7b68340178770132d98b6c95b3f0172099a9a38a08b9784afc3200a2d26623653e5cc6fc2f39252c9fc8ec8c6968c8edea85aa963a020004f3b76f395c184ea1bb3bf9f22a4685451943b95ba1616216e0953a6b73c39cb6fcbcd9f57e730f867e673a11f7bd2b7df3a14a9551cb25b671a893b1fcaf61d6d1b09401ffb7529a7dcaea6de110eedec47e14aba5f9a3bb5bf5985a6e685a38f449d6ea793fd94daae2b1297e01d56c3da80fdf18fe8df01ff00a83fd84fc619c7d86ce5654754008b08e60448b0801ea90e90ef1ef9d0f73b16a1cab11706e3d53a89cf1449982c4ba3875bdc6bfefd925c90ca34538a78b3baedd5cd40e5b6a34efb4e198972c4937e274f19d5b76778857a451b4602f63301bcd866c3d72f4c741cb153af418fa6bc7b4dbb0db949716a4d3ecb7275f628d2865e9540ca2da0e0ec7b330d076fbe46a8f7371c3a89bdbc6d16a3963726e4cf169d48e66fc21567b2ba036e3129b00413253b022eba7fb9833522365161c75865ef8f14161d63e244f410dfb787dd00a23948d491534f67c64782319e95ad2d7fe16fe6ce2105e982a0dc8cca58d85c69717e63ac4a8b47e9d72a2dc4751e1068d8b5e4bbd82ced5d138dcf0ec1acea1b6f0d6a68c74d2677c9aec800fca6a0f496c80f24bdcb1ef205bb05f9c777ff00792f7443af01d83ae71727ca58a3ab8fe2ad988de555cc72db88bdbaec65118f5672d73aebd7cfb6333ae0b15472cddcac48016d445891852453c7554f46a3afaaee3dc648ff008de27fc456fd23fe32be169948058b69eb2c5cb340f36971b0777aae28f43a280d99db803d407d23d9edb48bb2b0aaf5155c909c5adc728e43b4e83b2f3aeec7db585a74d51422e5160bd9fcde47966d6915e385edf45263370c2615cd019aaaae6ccc2eec00d55392922e05a61f66e332b87b6960185b8af033b4fe56522b616138f6f0945c5d5c96cacc1940e17600b0f16cc7c6242595a7b29258d3aa36db170c998816b9199187353c478436f6ca15a9321b5c8ba1ea71e89eee47b09951baecf5102230f394ce64cdc181f4a99ef9b04a4d5aa2d316cd94338d4f9b07eb9e5cec38b5b90bb0938cb2d768a5a6b7e4e24508d08b104820f10471062149b0f287b3128e26f4ed95d4660082c1c712dd44820f8199434c75d8fdc676a76ace59469d11c880368e32113c5a6d887ace62b543d73c8100b037679b5e169ead79ec10384d30f0109961b0b67f9fae887d1be67f51788f1d078c882e753e1df3a5f930d914d92a3b3279c7539474199147a2d94df9eba8e04449b6a3a2908db35384a60522174d2da0e5d426436be1e9266a8555b2df5617bb774d46273d347a7a0abc071cb979ba9e63b388e7d679def2e24965a79aeaba93aebd6670c60f248eb72a8b65360707f28ae2900d7726d9002579e623ea8f09ef6e6ee57c29bbae64be8eb72baf00df54f7f8133a1792ad954bcdb625fd376654bfd14536b0ef22e7b84d863f048d75bab2b03706c4107b39ce897238bd744141496fb3e74b449acdf2ddb5c3b79ca46f489b11fddb1e02ff0054f2bf03a73132d6968c9495a2328b8ba63709ef2c4cb1853a150dccc30d5eb557f5102af89b1b7b638307b2e89d5118f554af99bc50358fd9983ad55dfd3766f598b7ed133c0493c5bed9b68d46f16d2c3baa261d29a05662de6e994b9b00b725413f4a52a1323a0b692c292898f48a4159ed4b81a31f195b88a4ec731d4f5f74b1aba4694df402fdd162eb63cb7a3d6c97a8b51423646e25b8e451c5b5d34e57e769b3d83bde8aeb42900a84b31a8ec333b852e59cb7a458211a9b925469a0986c767452574cde95ba8701e3732b0d4b1d3918ea37b1653c5628eb5bcbb0d2bd33512dd2cf5aa393a2e5a4cc2c0705b8b0e02f5341c672b7521b29163cb96bcc7f3cfbe6c777f1589c5d35c22557c8cc73a2800b1033019afd22d663ad8009733cf940d854f0f91553254602e81f310a3385b2dc93d154bb6badf5d401ab5a11bf28c6337f3f8c6c99e9ef7b3821bb458f883cbb7df3c32117bf294158068b9a373da25cda060b79e85871f6733f808af4f28b9e37b0f89f77b63fb3f6655aed645246a4b58db4e3af33d822da19277485c2d167360093d809b01d8394eadb1b0eb87c3a3a3ad2c404657cf9b54ea0b96ce2e0d9d6fcc6a6d2bb606e89a433b54474cbab25c3a36873a8b1e161d1218104e8266f79b7b2b574f93d460ea8ef67217a607441365b5f4e2343a1d3844bcba19a71ecf35f7b2a876476f394f31b0370cba91991bd25eebfb3594f8e62ec6c490dd204f128785fb791ed0656335e59e017a02fc89b76036bfde3ee9ad25b08c9cb4cb7d8fb79e8d35a6b7b2df4ef24fc648a9bd55c1b8e3da6550369e1e8f3eb92a8ddb45add5265decbde974ad49df50aea5f8eaa4d9ee3aac4e93a01afb1b177cd87a2cc789a6103f0b6ad488707be71caa994891ea20bdbb6523155f1d119c9b7b3aee23c9decbadf315ea516fab9c381deae337eb72917fa1f5ff1bffc5ffee738c36d5ae9e85571d858b2fd96b8fba4dfca7c57d75fd1a7f0cda909a2a024f4167b0b16d1c50a297327d34b48984127c849ece982d10b12f1a155b4b1b5ad6b7f3af8c76b8d4c6b2c78f44f93b195a233061a0bea3b0f1b7e07db1bda14b239000b1d54fd6537b3777e1252ac9986d9af885b223baa8639951dc285bb30cca085bd8f1d2fed8e22d8bbb1402b0ab52a32229d0231466b75b0d40eed7ba6f68d66c4bf9dacd64b0c897e9651c0b9e27b8f8cc460e8ddaeda225ac070b8e025afcb48e739e4db677f1423189a3da582c3d41a80c78f4b5d785f5e739eedbc22a1b05cb6e16d01ead384b4a98f70e413a01c3b79dcf58b8d3b4c8d89aa5fd2d7bf59b1b8b3258ce266585a7a4524e91ec5d0ca6e384f582a398f1b097bd59c783ca8b6d99b3d6a1199735baf85c80351cf809b8c0554a20280386bfcf5764c9e13125058496b5d9b5009ee179cf2b67742318a2e71f55d2f529b7478ba0d0dbeb01c3bc0efeb989dbc89509a882c78b0fadf9d6fadef97cd8a3d72026cf0e5b2f0078761e1f8784d8bad9bcb1c9519fc1510416636b0d34f4afa587e3cbee32d2b1e601f0b7de23b8ab5c2a8b2a68386a799d396961d807598c6597ab3e75d3d0e2b8bfe325669000d7c24ca3253545f8dda236212471aebfce92c2b8d24041c44683b1392279cb0b470ac4cb28447c2c0a693b16cef253416c6bd6a950f308169a9efbe66f6111ddefdd5c261b015da8d04560a9673777177506cec491a13c22390c96ce39865926f1855b4f60c8bece85d1e2a2ceafbb7e4df0ad428d5ac6ab3bd34765ce1554ba862a328cda5fae735d8bb39b135e9d05e2ee0123e8a7176f050c7c27d234902a855160a0003a80160251744f90a6c0eea6068d8d3c2d2b8e0cc81dc773bdcfdf2e82002c069d5cbd923e2b18108051daff510b0f1ea9ee8570d9ba2cb94dba42d7ed1d620c99c777ef77be4b573531ff2aa5d97f348e2be1a5bb089921508d4710411e06f3e83dbfb2971345a93713aab7d561c0fc0f613384ed2c13527646166562a41eb111e99d7c73ca34cafa84b1bd80d49b0161a9b9ef24f13ce0b4cc9494e3a6c263915514968abc6e1ae84f64f7430b61a09a0a7b1cb296aa722db45d339ed2a7d11de3c22d4d8e42e6a473a81a8d338b73b0f4bc3d9372d13b8e45279b3143102dcb8ebc88e63a8c956061e6a665455a4d53230627993c38ea7dbce6db70b76457767aa0f9b54296059733375153716e37ee99cd9b806a8eaaa2eccc140ed33b8ec7d9eb87a4b497e88d4f5b1e24ff3c2d08ed92e59e31a5e4c5e3bc95615b5a552ad3ea072d45f6101bf5a66f1de4ab14bf3556954f5b3536b760b30bf889d9ef095b671d1f336d7d935b0b57cd575c8f9435b32b5d49366054916363dba46e8ce87e59700454a188034656a4c7a994e741e219fec4e768f125b2d07a12a8320aad9bdb27398ce4d6fdfee9b0746cf68f0562658f64879b95398fa9250efc266c0e207e65fecb03f097b2a37b3fe8b11ff00b2ff00b264df43aecf9e5c728db708f54e3183268bb3a8f919d9ab96be2597a798525279285577cbde596fea09d1f6861056a6d4c9203000916b8b1079f74cc792a4036752d38b5527b4f9d71ee03d936063dd107b6659b72e968455a8a4060a5720c9e711d2a94e8f44be70cc7eb229ebbfa3ba54c0a6a2a3e5a2ccd4d72a5866a89532300a03530c9a26805c5b5542ba4695bb42a9506c6d31c98244cad8a55e26d38e7940da74db1cc3403cda0cdf9d624e6f0ca2fd83b2d73b7f1d535e999caf6c542d50926e74d664565d8e9e0ed1735b10abcefd8ba9f64894b6c5746cf4e98047a2ccacccbdaa41001f0bf6cab5d3869d23f096f4b5023e291b2e694ba2354db18a66ccc331eb2ae7e31da7b7b12bf407d87fc64d51242a03ca16bd12b654bedb776ccf4d47d6281949ed37362658e1b128e2ea6fef1de2576d21d1691b63fa63bc7b8c1c13565a1cd28e9eceb1b8d41289355ed9d85901fa2a789ef3f70bf5cdb2e3031be76f0e1f74e4d83aada6a669f67625f4e9191b6824f276cdda2df83b7b7fd63f90916ce7bec0194385a87ae5b5273d719489b444db7b0d313877a155890c3a2c78a32dcab2f68d2fd7a8e73e78a94591dd1c59d1d918753231561ed067d3cb3e7adff5b6d1c501a7fcc43f6a95366f6924f8c65b360e9d14c269bc9ed0bed0c3763b9f652a932e936be4cffeba97ab53f61a6328fa6750da9ba382c45cbd040c78ba0f36f7eb256d9bc6f28ffa2fc1fd7aff006d3f826e611ad90a3fffd9, 'CREED III', '2024-03-03', 107, 'PG-13', 'Still dominating the boxing world, Adonis Creed is thriving in his career and family life. When Damian, a childhood friend and former boxing prodigy resurfaces after serving time in prison, he\'s eager to prove that he deserves his shot in the ring. The face-off between former friends is more than just a fight. To settle the score, Adonis must put his future on the line to battle Damian -- a fighter who has nothing to lose.'),
(2, 0xffd8ffe000104a46494600010100000100010000ffdb0084000a070815161518161515181918191a191a18191a1a1c18181c1918191a1d1d1819181c212e251c1e2b2118182646272b2f313535351c253b403b343f2e343534010c0c0c100f101a12121a34211a2134343434343134343431343434343434343434343434343431343434343434313431343434343434343434343f3434313434ffc00011080142009c03012200021101031101ffc4001c0001000105010100000000000000000000000102040506070308ffc4003a1000020102040306020807000301000000010200031104122131054151061322617181329107425262a1b1c1f01423728292d1e133a2f124ffc4001801010101010100000000000000000000000001020403ffc4001e11010101010001050100000000000000000001110203122131415171ffda000c03010002110311003f00e3724ac2ca9ef28a222240889302224c408893248814c49881734b13a656171d67b2bfb89612b5a865953179796954cad2b72322ba7394784444ca91110264b35e44404444044ae925fd06a652c75d20444440092c6fac881011110111103d1501fadcafb73e926955b68c2e3f2f49e981755752eb9941d469fae87d26cadc217134ebd4a41477654a655b294b6a09b6e00f63e46588d52a25b6370763fa4a20892448aa624c40444404f5a297fd3d4cf3025d51193c5a74d7af3f94a2712428c8bea7cfd659cadcdcca240893102224c409cb791965de110136332786c0667b5bd87e52c9a96e30594ca489b6633b34f97305200d6fcf4e569aff0010c1bd2215d6db907a836d3dbf596f3624ea5598136ffa3eed02e1ab94ab7eeea10a79056bdb330e9d66a204bcbf780dc1cca001b6a146aa7ef585c7a1132d370edd766e92b3d5c31b846fe7531bd3cda86cbf675bf4b6da6da3a25ee39f2f51cbdc4e87d97e2cb5a8aa330fe2698c8acfaad6a6d7229553b91c81d729b1d750754ed170a387ae428211bc497e42faaf9d8e96e844d626b0512e3149a8602c185edd1b98fdf596f32a444981e94d6fa7e3d07332baf501b28d8683db9fb99e44dbf5ff0052204444404444044440f7c3359a748ecc8a0ca80ab7784eff00572d85adcef399235a752fa32a42b38506d941371e5cbf29ae6b3d4748c270a52a33007da59718ec5e1eb83994136b03b587b4da68d3b0b749e9696f49398f9abb63d94a9837242934c9395ac74f2bf498be1b595594d619a9b0cac0e84adfe2046a0a9b113e8bed8f087c4619a922a977cab7636caa48ccc0f50b7b79ce07da3ecbe230d5991d0580f0b8b057001d4127e2b0b11d6da6a267f8b3f2a78970d5c3ae7462c8f6285865753e641b1652397da045e6dd5f0bfc7f0f4aaa7f99453c7f68baaa92c2df68071ee0fd5b4d2f86e201414ea9191b32b12755d004a841d8a96b5c7d562394d93e8d317dde29e839ca5d4a69a5da91272dc6e346defb5b9da5562713c041c307537398ae9a82ca0ea0f43afec4d6bba9d638df0d6094d51330470ce1740c4f874b750a3fcbce695c6f849a35ea5323e1636f43a8fc088c495ab4440332d124c941bfcbe720c08888808888089310169b6f6038e9c356177c8ae6c4daf7df4bf21acd5548b11ee0fa7294a1b196257d6d83c4aba2ba904300749ef69c77e8b3b4f63dcbedf558db5f29d8d4dc5c4b624bf4a6d2db1b824a8a55d0303d4032ec89044cad7cfdda2ecd7778f7c38bad3ac7c0de1d005ce0017be5b86be96d04c7f050d894708a7f8a451569ba8d5bbab265d7eb1cd7f55f39d03e98b08eab47114c1cc8e50916165a8a56d7f3240f79a4f6382d3e234589a7675f10072aaf789a581feab586bbcd23a570874c561a8564015d955db5b29cae7bc5d37b366d34d0af298aed8707153119c7345bfb123f2027b719b6032321caa711de28d02e5740b517a05cd97fcfa03369c4d3ce6e4751bf4263e11f31c9034322265b7b537011c7362a07b1bde78c49811262202222022220222205e70cc7b5270ea7623f09dabb1bf48549d569d57b3ec2fa5e709928e41b8241ea25959bcebeb9a389571753713d099f35767fb758ac3681f3a7d96fd0ce91c0fe94a8d42ab594d22799d53dd87c3ef697d8db1b2fd2070f6af81c4220ccc53328e64a10e00f3f0ce07c2b1b495f0eccbe24a8acee589ba024d821d065d75f49f46ff1aae97420dc5c58f23ce7cf7c630094f1cf48e509de0bede152f7209fe937d7911184adc3b775d98608d750aacb886654d078d54aa8bfa73b4bea7db8c9470f7d58d142c76370596e4752141f79e1c73897f19dfd10158530d5299ca5b2f72b4ca8007c44e6a9716bf8944e7bc6c5443491ae8528a021ae1b5bb6a391f15ade50ac344499952222022220222548858851b9200f7819eecff011591eab9b227b06205cdcf4ff00b30c68e676c80b0b9b5872bffa9b3632a354c982c39b2281de30e679dfc86fe67d258717c4a521fc3d03b68ee399e6a0f484d60441136aec8f6796b7f36b0cb492e6e74cfebe425bf6a71d4aa3de9a80a83228dafe76e4a00f99f2856bb24213b4aea017d0117d87fc1369e15d953dcbe2710a569aab65537566206e75d35d040d4a5418dad7f6f5dfd266f03d9e7af7ee7332a9caed97c2a46f63717ea06faeb6b4c5e2308c8ce002c1090580d3d7ca06c3d9fed4d5c3a32e62cb6f0eba81f67c8cd7f13882e5aa335ddd8e61aea0eb7bf4d85bca53855d6c083716e571fda4d98794f6c5a22f8501d752197c4a7c88dd74d8ebd66b5323ac7d17f0fc8ab55c92d585471d02a32a9627ed3165b7909cd3b53c5457c5d7aabf0b39cbfd2b6553ee141f79d0f82d661c13bcaaeea29870b94eae8de14427ecdcaff881d44e457814c988995222204812a551ccfb73919b4f594c09264a3106e3949541f58fb73941302e28e2d9030536cdf130f8add01e5321c2b823b80ec32d3f8989d3c23a7afe5eb2cf84d056a8a1be11e26f45d4dfca6438df1f6ab744bad3d05b6cc07e40f4f4847a716ed1b3a7734464a5b1b6ec3f4130680019ade83913d7d0451a59bd06e7f7fbda4bb666b28d340a3f7d615b47d1ef03389c4abb0ba210cc7ab721f819bef682a1c6e2470fa26d4a959f14ebd46aa8be60d8fa8fbb63a8f08e35fc06119535c45576541be5d9739f4b6dd4facde7b07c3c60f04d5b1072bbe6ab559b70370589d49b6bef08bae374d707835c3e19556a3ff2e903c8b5cb5437be6217335cf3b759aef1cecde4c051a3450bd56ccabb5dbeb1bdedcafadf4bcc2607b4ed8de2d45d85a982e94d0f252a4dcfde6b0bfb0e53a6d6ff00cd4546b9299039d8bb2dcfad947ccc8b2e39af0ceca33e19cbd13de2e2569aab2f8ac142925bec93e22472161ca623b5dd9f7c355c8be34ca8ca9766719bc3e136bfc5d0f3da778a216e0585d8b38fedb0bffec26378d704476ef028ce3200c45ed903b0dfa31bfada1765730e33dab5adc2c61e98b3a945aa960a5510def6e62e10123aea06d39d5e6dff0048bc2c61eba84042d44351bcea33b97f3b00ca3a4d42542222048116912a23fec0ca707e1eb56f988550092c7ffb600463f174d7c1435037a84017fe91c8799b998e354919468bd3af9b1e73c8b40926449116812ae45fcc58fa74f494c4f4c3d16760aa2e4ede5e67a08157787265034dd8f53fbfce55823625cfd5171fd4741fa9f697dc5c2d354a2ba9033546eadc97d06a6de73194c5f4befbfa082b62ec757418857a833b6c80ecbd5cdfa6a07993323dbded71c51ee6935a821d6db5461b1f3516d3a9d7a4d3fbeb5f2e97d2fcf2f4bc8cc2ca3a5c9f32761f203e72a67bb60ec5523fc45371b8636276d87e5e29d230bc5981c756656509494a66057e246c9bfaa0f507a4e6bc27880a6a1577b14bff00565ce41f206d362c471d5c4d2c5237d72aa807d8a2c9a9f566bfbc960eacb8a02ad14e669b9fed192e7e6cb2f9b143c3affe4272f98009ff0053414e22e6ab35eec985a34d3ef56acf5149f62a0dbee4dc286145b0e4def4d6dfe6814dff00c47ce41cc3e9a9bf9d875e88e475b129fa83399cdebe983141f1e141f828a29f52ceff00932cd1655222204afef9eb32383e1756a29b2f83425c9b2a8b8275275d35f698e1e5361e07559dc61c3101afde1045ef6b0550411606dea7f10cf704e2f804a392a5bc26c0004936fada0f15f5f9cc7f1fed623834f0d4f2afdb61a9f45ff7f29adf15e1cf87734ea0b11b1e4cbc99659c097624dcea4ef2b66161e96f91de79c40ab2dce9cff7accc50c4251a64290d518025b7035d00f4dc0e6753a017c2cf4c3576460cb6b8d45f510b2b22fc39853efea31507e11bb33126c35fce630e9a7ce5fe3f88bd5b336e361c81f21c80d7e731c4c25222207ad3a847e5e82f73f39e9c3ea11510dec33ae6d79060c6fe5a5e5b0881d2e97124c3ad2aa5949217283b5daa5467a9aeb708ee3d4f9ccaf06eda9ab46ad4a8d9143a8a605ae1415073faf889b729c9b178a672336ca02a8e400ff7bca0566c992fe1be623cc0d3f5953175c6f889c4622ad63f5dc91d42eca3d94012c62245222207b504bdc6a4dbc20026e7cad2f786d2a6afff00e86a9488b652a32b03d6c44b0c3b307053e2074f599fc43632bd02c4064525582add865dcdb7f940b6e35c65aaf80b0a883e1664cae3deff008cc2c5a4916811111013d68d403e25cc3983cbcc7432826f6fde9a4f4740363d3de162e311417c251ae8745b8b59b9a9f3e77fca5abd161b8ff5ec7697780c4e42430ba35832f9751d0f9cc86230269f88657471e12da8b5c1d469aedf3326b539d60596da1913315704ae84a839811a5c15b1074b9d7d2fb4c4b2cacf5cd8a624c88422220222200c4440ca704c7a2315a82e8c0a9b6e330b5e64380f1ffe15dd5aceb73e21ae6bf3f7de6bb4dac41e841f91bcd9311c3a86254be1dd56a0177a66ca1ba951c8fe1e90311c571ab52a33a204cda9f5e647212c254f4c8241d08e46e0fb83b42a7a40a6254401e7202930204f4a752dbfcff0ff005f29e7178195c3e10919945d7a8d47bcd8f833a94eedd6e972429dd588e479026defeb356e178b28d626ca77f2bf39d070fc00ba16460c4ea1b9126d6526debaeb335d7e2f4d9ab4a1c3806642b724314b1c81d48174cdbeaa371d04d77b4dc1bbac8e9aa3a83cefa936274f63e636d6741ecfd306c95495743e063f55ae7c209e46db69cb7e591e3dc1e93a35220007c2bf719c8dba29241f22447357cbccbedf6e14627b62f0cd4ddd1c59918ab0f3077f49e334e3222202222048dc4810bb892d0269dae336d7d79e933f4783d434d8d365bdae806f5140d4a9e6de5fb3af4cc70ba788642b418117072dc060c35056e3c27df5bc0c5547624e63af3bef289b01c036259ae3bbc48f891c1457b6975bfc2de5b1985c560de9b65a88c87cc7e4763ed0094b5d353fbe465789a800c8b7b0df5d0db6f59e0ae44339bdf9f58044276125a99f51e5adbd605561a5cfe314dcaedcf437da042ce93f46fc47386c3b301652aa799bdb203e86ff008ce6932dd9ae26d87ae8e362403f3d0fcff33256f8eb2bac56ac8e598fd922a0275ef16f72179900313aec4739964a0722b06ce54007a3d323c36df5b01ee2732e2dc40ad76756391c8a9a6c1ad706e0dc5baf5336fe0bda27ce86a65c8eab4c95d86502c45adadcf94cebb32d9ecd47e94382f755d6baea9586a7ef28b027cca8f9833479ddfb71c2862708e805ea212e82de2d2fb69aa9ebf7a7071351c5dcca98889592224404adc6bf2fca512a276f48112e70155d1c35362ada65235f622dafa4b69553a8548653620dc1e8606ea9c796ba5b174994a90a2bd13959490480ca0dc8b03d44c1716c2d8dd3102ba6eb99ce71ea8c77b74f94b8bd3c459c3ad2aa00ceade147fbc3a1fce6171f482bb0034bdc6c743d08dc6f0b56f112ba685b41bf21d6dd3ce114131110100c440d9382e2054fe49f88dca5cee0ea5013cefaccef0d5349c23a5d2e2ebb10793006dae9b7fc9a053620820d88d41f39d2bb13c692ba7735ec5d586467d735ac7231dcec7f635cf51d5e1f2fd5746c1307a28747ca0e4604df29f87d41d889f3e71ec19a388ab4c8b657361f75bc4bf8113b3708e22a95eb50008162ea84e8181b155f7bf3e4268bf49d415de9e229ecc323fdd22ccb9bcecc47f6c4ac7979bf2d122244d3c0888808bc44003264440bda7852c14a0dc1d7a30b5d7c8f307a199a4e14311481a4573a816d6c4f557becd7bd8cc7701e22b49ace2e8c45faa9db37ca4e3d2a61eb33a310ac4b230d8ab1b8047e1af485d636b516462ae0ab29b1522c449a6c52cd620f23ca6dd83e334f12b931140547b1b301ae839303707d0cc4711a68a2d4e9381f6995c68796b6fc6118aa95f3fc635fb437feeeb3c089e8944ee41006e6da7ce79b7940444404ae9556521949520820836b11a83eb28881b754e3752a9a7895016a5360aecb7198581cc7436bfbfc226cf5e80c4e19c66cc1fc4cb96ce8e2cd750a3c4bb1d4f3b794e77c0f1869d4b8b78858dc022d7d4907c899bcf09c412eddd2fc5b8bf801fb76bf89bcb699aeae2fab9bae7188a451995b753633ce6f5db4e1198ab5317655b38ea37df999a291c8cd473f5cfa6e11110c9111011124c082266b8771850992aae651f0b58165bfe63c8ef30b2a65039c0d9e9f10c3d4ca8f7a6e87c1510783c8953b0d76fc6666af0d474bbd77627675b301fd96b09cf419ed4f12e87c2c7f4f941b5b2e26b776190545a8a370d4c00c3a6ff8da6b5887563754c83a5c91f8ed3debf137716620fb4b32d011222022220574aa9560c37132fc2f8fbd25c9605797507fd4c2c42ceacf8748c07105a803a90172f885b7632db13c169626ec0657e56d0cd3b03c49a9a951b1332384e32cae08699f87b4eb9ea674b6e27c02ad23f68796ff00298a287a19bc61b8b2bb0ce66c54f01408bd84bacdf1fe391c444af24c48930111101111011110111101111011110100c88817586a963a9999a7c4980b67fc66b9126353ab088895922220222204c488813122204c488813222202222022220222202244409888808888088880888808888088880888808891026444404444044440499110262444098888088880888b4088936916808920492b0298888088880888808888088880888813222204c44404088815d395bc44a8f0888915ffd9, 'VENOM', '2021-10-01', 97, 'PG-13', 'Eddie Brock is still struggling to coexist with the shape-shifting extraterrestrial Venom. When deranged serial killer Cletus Kasady also becomes host to an alien symbiote, Brock and Venom must put aside their differences to stop his reign of terror.'),
(3, 0xffd8ffe000104a46494600010100000100010000ffdb00840009060713131215131313161615171718181717171717181a18181a1717181a18181d181d28201a1a251b171821312125292b2e2e2e181f3338332d37282d2e2b010a0a0a0e0d0e1b10101b2d2520252d2d2d2d2d2d2d2d2d2d2d2d2d2d2d2d2d2d2d2d2d2d2d2d2d2d2d2d2d2d2d2d2d2d2d2d2d2d2d2d2d2d2d2d2d2d2d2d2d2dffc0001108011300b703012200021101031101ffc4001b00000105010100000000000000000000000200010304050607ffc4004310000102030504070604040601050000000100020311210412314151056171f0228191a1b1c1d10613324252e172a2b2f12324629214336382a3d2c215254353e2ffc4001b01000203010101000000000000000000000102000304050607ffc40038110001030204030604040505000000000001000211032104123141055161138191a1b1d1223271f02352c1e106144292f12433627282ffda000c03010002110311003f00f14ba9c31481a9dac4a4abdb4d00868bddab0c868d909217ad0da0ab0848d900abad828d8c485eb4b30b7baaad813e68a5876757434291bb9565e56c6619a154659bd3c54f12c44344cca751f54b556a059e57491326a079bffa7766a3860bdc5c7a4e73bf2b7a3d4d5597ad830c00008b9d3df9f21deaab2cf2c94ed83414d5590d039df24577cd02e5632835b655db0f444d83cf5f3dea7011dda70c109568a40a83dde5c14af6534f45216898e79c5316cb3a1c509566489514391f87875e88db0d49779f0f14e109563596f894659223a2d23e699e90e14f442f8749bc890faa5d197cdce8ac319a73f7c50980252f89ba4ef639554cc8f6648fbd7caca2ba3fbbbf5e7784dee9592d97973a262de3d6a4a99235557dd4bd52535dd39ed4e8ca4ecc725c9b5a8dacdca46314beee8b5172f34da2a386c520699cb2c66a66b0291ad492b4b692030f14ec69973dea5a6721c54b00b5c6eb439c4627e160e39f524ccb4368e6300dfef6d7c90864e804f72d2b3d8436b131fa3d7d1336d0c8624d94f3387666a375a41acd50e713a2eb51a34d977993cb61eea3da568001955ce21ad139572c2ab236847c6133e16f469f3fff009471e23e23c96367745ee8f5367bf3ec506cb8337b67974bc877ad14d995b2572b158835ea6568b3ad3d26f1dfafd00dd6db1920069208a54a531edc93b427bb8693cb3a4abdaaa9bae806da133594ea464d3ee931a8a5cfaa0ac0db42173674aa320d6bcf8a292205094e1835402b4d27c808cb52b954577440ab003ba00273474c8f622030eb4cdc3c504e028dae3a5da9c4fe6e065e09c052018a0231aa8a65851cbaf7248dcdd13a32842e698dcd4cd081aa4685a579d6844ab3ad73986e03e7384fcd0da634cdd187cc467b829acb0c50e9968a580929731a8ecac3dfedefe09ecd64738ccdee3838ff00d07057ee5c6ca81ba37cd48d8824a0b445a49525ce72e9b2953a2c91af359d6b8866a947b438094d588f1566c6332b5536ae0e2eb91306e56dfb2717a5101ceef75ef55d047b2824b9a05e38ff0052e6b64bdd0cde2263e61f34bea6aea60446b8744de6f342b1e26454cc17a4e0b95f84145fa8931bdc9323c751a2a72cb35249587b67c42818ce74eb41aecc1697d134cc6c818275df4ed9792938f3f749830dc8e4892918d301301827064534388d3391bd27169964e6e4a435f54158db89099a8ca4dddcf3ea89ad4aac689412af3fba52e79c519194ea94f9dea4a6842d1af3a262d9239e412711cf52128e550b1be7d5d692796f0926955810b9d691876fdd476c8b75b4c4d0298054b6a1a81a09f6ad6d12e0bccd771652277d3c7f694ac8c9f52b85d2542c11246455bb43864a3fe6498778eca46aa616850468d9aae1fb9558d14cd3b294955e231a5ad84f1a309a8e14a7350dd53bc5d0067299f4e75576580b93da973a4ab902d6e69a2bb65b496baf032d47cae58ad7ab0cb4eaa97d35d2c3e2c88971b69d3efcf75d6593683626e3f33515aa6d1315198f45c9b23d6628e1f3792d883b49d11b72ef4fbb89d1647e1cb4cb745e870fc5995585957e6d8f3eee7d343b2d586f9d4542901eee7c150d96cbb36de0e99bc00f9772d20304a755ae94b9a0c47dff0083ea980e78270df54fcf3ce693391de955c07344d09e5fb2121181cea82b001b2196bcf25287104a8e064ebbd1c88f9699a20d027e524ccfed9eeaf5a88dc72fbf2d79a738a8c9ac91b9da378a87ded4483dd4fa4eefaaea304a57bda2c4a270e4a490738cff0086e1fee67938a4a219875f077b2c00164da624dee39603aa8b4ed512eb779a058c1bd2016da4375e431cff009583ef92288d9295b1e78a922c3551c24ac17591d9a99b291cf50bea51b2450172d0c6c05cfacfcce4a136a34cf8041687cc9295f90e3e1ccd46532a93008c3d01429084e1c42724957acb1089341e32cf7705441cf3566c78a47e8afc31fc41f765d06cd127b6b8cc774fc96e4b79eef45cfecb71746637e905ddc7d574404f25cda962bdc60a1d48c693fa0949a3299eef2483379c1131a8cba5d8ab5bc34260704b9f04a479f244e701ccfee544d005ca6967e5e89ca8c3890ec8e4e6f4b81ae7874548d69e7bd42a35c1da2197c3af0e64820b899b49bce13acae8bae3d0cf4a7fb1ca5029442e2439ba1e89ff00c5dfddd1ff007a83920f6c41f1fa7a7791a4a2bbc94938cfe2196987790928980695c35ae3de71390a0f32a18225539a7632f1dc1431624cd174c0d82f9fbea19ceee76fbe9a0527bc2a08af5621ca555562be653345d67ace21baa09a534e0277057058d0b8a49d0a8a264ee09d15eddd79a8a2855cb3851988ca7425a99933dfb969163443bcd703b956fd168c39f8a56b7b3907e38a7f00ea913e4b6c2afb360dc86d67cd2aef39ab402e53dd2e95f44c252ece8b5bbc799b94e377359a76ee1e89b1cd14922d007249311e5cf14e1383da8a72122a3f78dc3b292fd94924d206a46184c66884ae07fa4a303351b9a2a3ea527382221444c1510af3ce892794cdd94ef4ccb594bf7ea490212076cbcfed2eba2414101b4253458934c22192eb006217cd9f5017cf8227553068099b8236b45158d0b3bdd374461a2b342713783660530a75a56c232e0bb4f67ec621c0e90ab84f8f1dc96ad4ca1361e976857156cb2dd9113ba703be582aa576bb4db0dcd7348a652d77772e36d10cb5c5a7b75de8537e6174f5a964323440521c4226c9271565d509178d15eb042f7911ad68cea3296aa8438779c00ce43b4c97a1c0b331848635adae4b3622b6411cd76b8370e38aa85e4c35a44da677b786ea66b53e086173cf5a2035c57317bd09e5de88260903dde68a09109009cebce88c045195191d5c38a900dc8a4980461029a498945bbb13614510405b51fd35f16f9a489c9288e53a82bcd22b146a49cd46575868be58e226c9029cb93234c9158d9f0efc413c01aaec7ff5068686896b4dd42b89b1c7b8f072cd6ada1e654a2a6a3731bad341f945949698f326bc5558cd6be87a90b5c7b7abf74e5c540213933aaa51ec65b5151aaa935a96873a52ac958d8db29b1a1bef4dae05a1a7aab4cd135035b2e52960df5ea7674b5826fd2ea9ec1837ad1086f9ff0068bdff008aef198ac4d89b10c2797b9cd7524259138f72dc0161c4540f7db92f67c0f09530b8722a88717131d2001e93de9da1391f324372313ae4a85d6d538aa12734f0e43c93e7cf2514652e089a2889bdc9f3e29904c0272527cb5488de99282146e1ce89149c74420254e0262e4e98b53a58509e5eabccdc98a27a0217697ca5209ca6098a0a2172d1b3442449d3040ce751af3a2b5b276538b9b11fd100820667312d02dcb559191449e6b93862de1af0599f5da0c2ed6138456a94f39b1d81dc78dba5bc97365dfb21f7b3143252dbac2e867a55193861f62ab4184e790d6d49a73b9382089591d45ec7647033cb7576c5b2a2b9cde8b83091399ba259e2ba7b2d85b0c5d6e18924e24cbbd597b6924774fdf9c160a955cfd57b5c170da58592db9e67d07440d64bef5523522cd39ed522a974c28c844d1c1be3e8888556dd6688f6c9918c33a86033e2711d49805554716b730049e4207a91eaae7bb1a61aa22294e77ae4767c4b4d95cf2f84f88c27a4e132694bc1dc35ee5a03da8826618c7bdd4bad97c46bba92a2bcd1703f0dd7369f15a05bf8bf86efcae99eeb5fbb7b2e80042572762b05ae2c67447174026a5d2205240343675a6abaa830c80039d7cfd57434f5c907b32ef2afc2e2dd5c1269b9a2f04c09eeb387f6c7552171920067822212227ce0ab5b135dcfbfc782171aa7bdaa152514334e90a629244f2bcee2c2cc546baf1deaab8270f2d38d5197076e398c8f0f45da0be4e0289c840aa372008145745b3369ca4c8981a31fa7f495b60762e3e18e81dd75c39ed5d458225e863fa7a3d6b9f59994c85ecf85629d55b91db0b7a47745bc15e609d3bb72283058d24b58d693f4b44f1dc81aee77a998ceb59d76c094315d71a5fd23a8609922b80d5523b721fba114b625d2ebb836b42695a8c6ab5582bd6b90b59ffdba07e3778bd5b4d8d76bcc79cfb2c18ec4d5c3c9a647c8e769bb4b473ff92d46fb51034892fc2dff00b2d5b25b591186230cc09ce9d2121320cd7082ca0c17459d4440c96522d719fe55b3ecdbe567b5fe11da58ff0040ada94181b2de70b9d80e2f89a95db4eb06c39a4881c81bea7910af8f6aecfa45fed6ff00d958b66df830eedf6bfa6c6bc480343af4b1a2e16e194f29c97436fb1b5f64647bc6f32135b772328b73cca7750a6d2266f654e1b8d632b53a8406cb5b9b4d81f8b7bdb4eab5e0fb55049000895200e88ce9f52819b7ec90dee2d86e6ba641218dad6bf32c6f6676708d14cdc45cbae12954dec2ab2ed27a6ffc4ef1288a34e728955d4e318c145959c197272db96bbc832bbdb4edd84c86c886fdd7fc320274d6bb906cef6861457886dbf78cf1025413c8ee5ca6d08b3b2595ba18dfac4bc51fb267f9a87c1dfa1c81a2d0d27ebea55cde35887e269d3110eece6d7f883677ea574d6ff6860c27ba1b9aebcd22726822a01fab42acecfda8c8cd73981d269acc48e13a2e2f6f1bd698d2fa8fe56d7c16afb1d13a1691b987b9e3241f45a19235b2b70dc5eb54c7762e8cb2f02df94122f3d2eafb3dab8048127d4fd233a57a4a58fb721362fb9944bc1c1b8365324673c2ab8107a2b66daf9dba7ac561edba533b0ec9f15930fc7b14f689cb399a34d8e69dfa05dd0299274a6525817b3302cbce8d967b8c8191cc1c0a920eca7baa272acccb0efad6586abb0d8fb3a1bee9700481313d0ca92cd4b6f90a3477e5a772ebe69b05f252e85c31d9f12bd19cab8e237733aaaae1db815d5be866419035c70343d80cf8854ed56586e243b112e90c7ee98984cd32b37679a389c9ae9f543700b7f603a7067f5171fccb9a7c12d25b3a1cf5131e616e6c7b48690d3860b26247c365e8b8254cb532bac2e3bcc7b79add601962acc2a792ab75493cbe2eefdf15857ad98d50ed58e5b06239aee906cc1d0cd7376fb497d9677a6047936400005c9e43525741b4db383184e536e267215e04ae7b685dff000c4b5ed703689d27f46730169a02c3eab89c5cbf33af6ecdd69ea7ef4e5df98db51108c29091787cf398044bbd6e6cf81eeec11e2123f8974095681c1b59607a668b25b09bfe15cf9748466007716b891dc14b6589fc9c76ff00a90a5c4de27f4ad4eb8ffd09f10b838571a6fccfbcd27e5e9f0bbd8f8eaabb9bfcb83fea91f942d8619ecc3b8cbfe607cd669737fc10a8bdef899672b804e5a4d5db1ba7b3a30d2237bdd0d2bef1ff0060adc200c2f1ce83bd27f4537b0a7f8d13f08fd41604464e23b8bcf65e3e4b77d861fc589f847ea0b2ec10ef477377461ff1c45018a8e3d07a2951b9b03866f373c7985135d7c4286322e1fdc41f2573d903fcd43e0efd0e55b6189c66f0887b21b8ab3ec8195aa1f077e829ea59ae1d3dd64c0df1141e7f3b47864f751b0dfb4453ba39ff008e21573d8d8927461ac171ec3f754b61105f10b88138316532054b1c33ceaa6f649d28ce1ac2883f293e492a0f85c3a05ab00eff005146a9fea7bbce07eab15a29cf0f3576cb12f47864fd4c1d921e48767c0bcc8dba1cfb1ec3e083667f9d0ff137c42b9d795cea0d2d753ea41f0742f48762524e48994971d7d44eab0ec36b2d9654e70564c42fc84caa2e190aca99abf108b3c111a2004ba7ee619ffe4350623c6505841a7cee177e10e9f697c822561edab5802e34cb78a4c7fd7c67a0e946cb33cc111a44b2776f0c0199e81ae321d925931a21738b9c49713324e64e655cb2b9bee5ed7621c2ef1ab80eb94bb51215adb28de662598a8f31dddc9db1302a364507393877f35480cbad67785d4c39b485d1ec58a0df0273188385d74aedd5aed970f25c9d92d1eee6ff00c0d23fa6f39c4fe45d53482259ac351a4397afe1f583e901b8dbea4c790bf550ed83fcbc5fc3e6b2fda171ff000706f169336d461f09977496cb9a1c1ed7005a7e5c29e7dc85bb3a0965cf76cbb3bd221d29ca5e08b1e1b13b195317847d70f0c221cccb727592662083ea392e1db6c2211852122f0f9e7301c25c3a4a66022ccf393a3307f6b5f3fd43b576436359ff00fa5bdaf533ec109cd0c30da5a306e0013a495ffccb791d57219fc3f88125d51b66968d779e9a5cf8ae10ecf7fb9f7f4b93bb8d673968ae581ffc95a5bbe09ed74bc97626c30bddfbbf76db9f15dcaf289bb360b5ae6886dbae95e13756e9989f050e241171bfeb2999c02a5374b1c2ec2d3aeae69048b6970b03d853fc689f847ea0a8fb3ed9db58352f1dad7aec2cd61870cce1b1ad71a12268206ce84d75f10da1c0937a671e4a4edc4b8c6a21686f06a829506170fc37171d6e0b81816d6c45d71fecdb7f8aff00e98517f439be6a2f67e25d8b7b48714f6427aede1d820b492d86d69734b4c89ab4e2a26ecb8027284d142317604488eb06498e25a66c6ffbfbaa69701ad4c5287b658e2e3adeed236da1713b2f67ba338b592986dea99501034c6aa5f67624a3b78441db0dcbb3b3d8a14333630349a12278721041d9504169109a08c2ae44e281910969ff000e54a5d9b838666993ac100888b6bcd727ecd32f18c3fd089e0a8ecbff003a1fe26f885ded9ac10a199b58d6994a60eb9201b2603489416cc567d2a4aa3e643f996e6279a23805614e900e6cb09275bdc11b742ae6666927bfb93ac6345ea1cebac5d9e582337de7c25c280817b121b3ca72027a14b686ce8b687ba2c58976628d109f758d949b0d8d94da1ad90025e6553b046114833baf6d4819e5786835d382bf1ed4450612966bb2657c9261655abd9988d0e743222b40266d9de12c9cc700e065ba5bd64c133111a7364ebf5308776dd0fed5bf1ad3291990750647b42c9b5c6bcf63de675bae32992dce7ad0e3bd1ba7699544baf8f87e1066450d4d0b8e78c928718b6581919f0e3b95b3b3a29686c835a2b52265da902bb84fd5568f08c320d0cc4bbb0e2ab969b2dc29d5637b48205aff00b2d9b4d8ee5ecc4ef832bd31386d6cff00a6afef5ad6189368bc41233cb8aced951d8006e049bad64c3aae13eb653f32bf61b2b219372f57e2af2345cea87676abda60980fe2528ca7513a1d7bfca35de15f94b052de9a85ae3e9f64f773552e985317d117bc92a9769cf3aa62d32e79d144f2ad1889089592a8e61e79e2acc3852aa08ca95ce4d5458849ad29949080049d4fb236c34458a4152547927683aa90e099a8c212a30d477649e48ae668c284a89e65533f13d80274a49d084093b15e710a2104106441a15bd0ad822334701d26f98dde135cecd49062969041a8e65c17657ca0b5695b8d7c554b2b6f4463729ccef02a475d076228d1c384c758d14db21920e79ce838035ed3fa4a57980ada0cccf015fb65ab11ce0b1c3ef4c3b03dda1535a0ce8a130836a4f5627b1646801776b3dce006c35562c366707c3949ae6124f09fc5bc62174ec342b8d836f2d7de007c376bdaba1b0ed2110caed6ed6aa9c4b1e482babc171586631d4da6e4ef37b408ee1deb51ad9ab6cb3cc2af6735e2b439ee9aa405dd0400a3f7025397527104527fb29019a73cfaa6b232428c421a23f768a69e63a9180a664019bd3a673bec91777fdd15250bdf2084190004ccb5353c4a60d49bdfa73d684a31ba9269834cd0b74ed52074f3ae83eea284a4ede99038f59cf9c93cb0e67b918ba89a73493907ad242145e6821ff50c77f909a26b1b9c41d4d71f20a10e3824bad2be56ad33dd8c4bdd3d035bde49f05245da5806b0000002733200764f39cb199548b942e4ae13aa76bcb4c8568da5c73ec559ce4c0237434b002b0b9efea9805d37b3d67934bce2683f08fbf82c0b0402e786cb15db42841ad0d1f0859b12f81957a0e0585ccf358ed61f55243710aeb2d1454c50226d79deb1af560ab6cb40fb14ed8ff655a6930a925388575a514f3c4208630a298377ab5a1215196ce73f245711c3225928db10384c1a1c311da0a6ca9735d196285ccc6424a4bc989dd450c260a03c85284f73af9fba6924828a163bd2bce08c84ce425d92130a01cd485e13a8ca6473a60179a456869c6731c392a34988dd008388ae0750bab2be5480a00c9e0acc280089ce7bab4f55244a51212aca6dcc5570d960930d5312930d522bc10085d2ec682054804e4ef10b59a74e782c9d97130075c56c35ba529c28b9ce92e2bdce120526c27bd4eaa236b3b90dda8033af533ee4296efdd085a83ae99ac461b5e799a9037efcea94b3973978a90ac94a1b9481e799a8c73b9480cf2c1108ca57e744894109c0e0450fee0cb39a306be073510907444139420c8a26e8982899c6be694c7344c5b3a0e7d115da73ccf051494237f52033d54c21a12d027e5f6e0a16946614576a29ad53a92892585332f2f0a48712974e1883f49d786a1461315d7d57cb148d7963abd7ea128a831a6797a20bc4512109d8e8d53ca6b46058da3e2c4e5eb3c15782cbb53f11c376f2908b5553c922cb7e1dac619a824f2f75bd65b016161619b09e9367f0efdcb6e6b2764c6bc24b4e639e2b0924932bd961d8c6531d9e876e5f4f54508ce7494f0e1979ab01d2507bc9a284309c8bb7539c9457b6d652d099659e3d9a112f0441dfb78210d1af629419289804cd677f5fed82703af5f5d1273e5c33efad13839a909c14a1c3133212ad729bb33bcd114e99e89e73cb9e67d89c3b5fdb44d0a041954a95adc523873dddea56ef1bea9c35026c858ca73dc91dd877263499d6bdc1040822ef4406dee99ca64d493bd37d1093dc9ef9cd317f7a770973ce699aea65e58f725ba6b210d9e29240d653c879a49602695e5a532492e8af962455bb38e838e7aa4920ed15f87f9c281004924a9ceab6b63ff983f0adf6264961a9f32f63c3ff00d91f5561b9712a4e7c13a491745a941c7abd54aec924944c1285e68db9701e4924a2214d0f0ed42da11c3d12495881d54a313c5344354924e8a3c25c427d79d5249143751bb04231ebf209249774e138c13a492294afffd9, 'BATMAN', '2022-03-04', 176, 'PG-13', 'Batman ventures into Gotham City\'s underworld when a sadistic killer leaves behind a trail of cryptic clues. As the evidence begins to lead closer to home and the scale of the perpetrator\'s plans become clear, he must forge new relationships, unmask the culprit and bring justice to the abuse of power and corruption that has long plagued the metropolis.');
INSERT INTO `movies` (`movie_id`, `image_url`, `title`, `release_date`, `runtime`, `rating`, `description`) VALUES
(4, 0xffd8ffe000104a46494600010100000100010000ffdb00840009060713131215131312151615171718171718171818191e1818181a16171b1d181d1b1d2820181a251b181721312125292b2e2e2e181f3338332d37282d2e2b010a0a0a0e0d0e1b10101b2d2620262d2d352f2f2d2d2d2d322d2d2f2d2d2d2d2f2d2f2f2d2d2f2d302d2d2d2d2f2d2f352d2d2d2d2d2d2d2d2d2d2d2d2d2d2d2dffc0001108011100b803012200021101031101ffc4001b00000203010101000000000000000000000304010205000607ffc40044100001020403050505050703020700000001021100032131041241052251617113328191a106b1c1d1f023425272e11443628292b2f13353a215c22434637393c3d2ffc4001a010003010101010000000000000000000003040502010006ffc40039110001020404040504020102060300000001021100032131124151f0046171812291a1b1c11332d1e105f1422372143382a2b2d22452c2ffda000c03010002110311003f00f8d61a58353617e9c473862623b32438201e171d0f4102d9ea69839fa1d0be9563133954cbce9c857f4f2878253802ec6a3b80e3cc7c4692aa1411a1ec6841f43ca2d3f04b9602949604022a0d0d41bd8e879446170ca512d46ab920720cf72ed411198fa3785dba3d60abc32825330a7754ec742474b6bd58f38d265a71d01205ff00b68c570d487de4fbbc37885f680cc5148989cb9800c6603f79b55022a7505f4aa867549e20db9b9f798afed04282aed565541ea357d634b1d8541489b287d94c2ccffe8cdd524ea3507874869042df09cf79fc9af78e864a8002ad4e832edda8fa1319209073014e7af1107c3106a52fc6f6b5f4351583e0e58133b29ac5cb10e68a0e0541be90b4a9865cc19bee28b81c0d0b7071af480a656062aa83e860c42928c6356d6b435ea3da18958609caa5d466524b1a51b2d45483cb48aca2104e79695936515120876b0d39d20b89fb3989292c8395414406e64814b82e356863686cf5254857fb99c1605829ac0b9a6f01fca7841bfe1c12c9cbe69582256c31331a73d1cd47e0bbb50102fb394263253265a4eaacb9bfbac618c44b58b15122c69ba3a777c21491266a24852029d45c80904b10588a3b1f888ec5a66842428abb42ee97ae5ab13cefe9143e9cb4ca2e92ec2bf0231238f9cb9de25786c02585b360189397a0ad20ed247dec3c91c0804379173d21757da004265a54ea739dbba012e0685efad7c2b8796a719a84e66047104797c8c13092becd65e92d2265aea2bca9e629ef89df48a83a86ba65fd8e90d19d3a6a82285aa5c076eaceece467467ac28b90f9c83ab022a097b393c0df940e63134007ba9a98391dacc090908767cb61a92da30f74027cc198a9344d401cb81e34bf184482cfbed0299843b59fa3e79d40a87f73039aacc5fe9a0c8a9634d0be9c4f8168d2da7834ca44b4d04d50cd319e9c011a7870b5a14ec1892b019dd441047160d42496b68747783fd354a578aa73f2cf7ade066592a23cfaef6d585d286249bbb0b1ea471e5a40149249d61f972774cc05901d2fc55e3406a4b680081cdc33202cabbc5827523f1747a461724848391aecf58124a54e126d7df7802a429202d4031b3ebe11662b50b569c1ba01121fcbfc8ea2f014a983461430fee3a967adb748a624004816faac745358e85f0c65552f0c6113be806d983f478e9b5248e24c1f0aa09495d1ec91abf1e83ded0010dad932d29ccd7cd80f6781a2ab27b7cc16521d81203915361d636918c32feca7655c95384915018b1205f2921c8a17de1577c7c3900b283685e9fe0f386f1d2b39dd293943a8d5aa4076b24b9a914d5eb0d482528f0ef507d63d36526623c5e7983911f9ec684822da7b38ca3992734b2cc6ecf676a17d0d8f22e04ec7c7896a2958cd29632cc4f2d08e60d62f82c6aa5132e625d1aa4d59eedc52685ac6841058c5b696cbca3b5975966bcd3a578a5e99bc0b1bf529ae34771bca389c4a1855f772cdb31d2e4657b45b6a6ccecf782b326e15f8a5abbaa1e342342dc61cda7874ce9099e91bf2f72681c4d5db41f7bc55f8218f66b129ecf2cd4a5694a8820d4a252c252a537e1cc6e2a0b7e282e1d07078954a58cc858206a169354a8743e60ab8c524480516bdbaedbbb1b183a1416933536070ac0b87ab81e4a4eac515c45f2f276d8751aaa62728219c9092c1439b2ca59ac97d21e94a1370aad569026247e407375a76abfe64c070d8432d4b5254c82729fc4953954ba16cdbc967b119845913fb19ea64b2732b740a311a714ba107a18d2505277bdf9814f870816a86b5285bfe952801cd34b4567cf7932cbd11315254f6210ace97e596601fc906dba9429295a189c8c58d3a8e4c0f28cc98a644c4004a5d0a493a640535ea9af9458e6dd00210ac828433b05a43d1925416686e6f7832d58814989d2659e1d40b58ab367c55adec7ff1117c31fb354c201dc9841e0521801c284fa40e5530ea07efcd423f9658cc7d4088c324896b4e5d48e69acacd9b8064df918ae3e60289684f057f5160fd32830b4d612bb7bdfda2b70530e3993141e847ab7b28f710d49941387130e5066296b3c7254000e95a7f3185b62c803362161d32ecff007a61b0f8c1f68a4ad929204b400804eac386b5cc63b16b2d2a44b043500e2a3de51f0850cb18b90f5315661026b8ff001000e643027cebd48d6114cb5cd5295737249153d4d87d7088c64f07752fc0f8701a3973c6c3487e7ac4b48969651ef05034e0fcfef1e45b845f67e0932d3dbcc4e6ff00691acc3f8bf2c2cb9649c23b9d37eb6ce332f862bf0a4ffb8e9f9d00ccf580e1e4a64244d9a1d647d94a3a7f1aa1304cc9854a398b124bd0534e0040f1b882b515acba8fa72113fb2948057bb9aa06a47167b707678085f8bc228375fc6594027292a21080c91b72753e8180b40e7862402ed4a7285d4983cf981d936faf38e42c0150f5047c4788f708c165a8934defbb426b18682b0a8178e8ba8806951f08e80e0162638f1c9828018f1d3f58d3c3e141cab01814f0bee212a1d4953c2a9c3665108290ae04b39e01f5e50e23862ce4df7dfd20427021f7bf38aa5495067ab30cc5bc95c3f84d381895054920f7566a0d88151eb5707e3035e18a14d312537b8356d075b3c5a5e3083bc0283b90757b88692907fe6508cc0b7fb85c75ab69afad6b6ed0de1889ec95b67144b325d3539406ca5409700b3d43da0f2a72f0ebc8b272b063560936297e44837d6f62318097306690a656b2947fb547dcaf3304c3e35809739c04b8621d9ee950bb59882088665a5aa6fae460865b004874ea323a64c793a549bd20f33025fb4c31a8a940ab52ac2b99243ba6b47670eda476a4b9d86de1f6d208ec85e8bef20077280f993a86293f749c712972960c9505249dc63988abb100bfd020eb0c62e4f66b04a0a94a0261aac173bc7bab1635e30f4a41a697af2f8ac2b35604ca5c86a7f9274229d410d5a803c493a29c41c4cb5252196154003a58e6590f7097771501f40602a97daca052129eca5b4cdc726ea07ba59237b77827a42387c72333644a412f98672caad4bacb8e3a90fab43899632909a67500b0a25c0198862357243714b8b88d848141020af1b8be4fd926ca0ec2a3d7375b19ba3b5527794c502e000487e66d4b55f90160939254c9aa0eace52c6c72896a3d490b3e51b7b5367f6852039484943b377420db424834f9c1703b2d6253196b23b70aee9ee84ca77e5de11c21218985a6ad32c241ee3fe9273adc0efd631c60fb57cbdf48a2ba39cab6d69450ae90212c14e62a480410c5d2428bb7ddb0ea5c47afd9db2721258d72ad41e8c4a5936a509fd23217b3320567ee0256e9241a1012920f745dae4318ee14afd3bc53fe394e9a1a57e0bdf7e623212854994330ef2b3035b292526f5661c3f45d4b32d4a510eaee8041142fe54d2f04c4cf00ab320176777a5a942fc2e4c74942661aa033804badea5a8ea309cd944784450965bed2072e67abdcfbf2a9f6760829e74dee0ff91140840e168bfecf3716b5292c9ca092a2484cb481dd046a7d6c21896933fb39654254b4a379474601c817528e8071ea6236b6de193f67c38289434d567f12cea790a0802a4b06341aefd22b4c9b2c4bc20f873d49fd65de31262512090197378dd28e9f895cec39e8b61a4aa6a8a4556ab126a55c1c9abf13f38755b3728cf8857660d9375aba0fba399f2812b1c2a9952c201d6ea23993fe042465a029e6164e80393ebea4c499d88d05341f9cdfad4e8d0899601def217fd206a21e8edce0ca94fdd0a51d581201ebab86f38b0c2b31516f779ea46a002d0a97140cdafefde006a615c8f1d079e2a00d4801f4fa7898e617c9fbc61542c60d3e765420268adeccfa590de8af385d7887a9020ebda0acea5108515338ab01a00c4370f08a4cc44b57eeca4f22ff0001ef873105164cc6c988a7cde009c49a14f3b8fee968b48c5a806cd4fc2b1993eaed0caa4cb397327b32a762821492c4a77924b8720d416a50184404f13e4f06c3cbaeecc483cc91efa783c3b2e5ad4c0b1e608a76a1f268d0a5ad9822fbd6f90678de93ecb7688ed30b3c4c527bc800a16398492e5278fbad0bcb5296b099e32ad0c96cb94d09dda8201398e8dbbce150a5d0e4248b2a5b298ff29f7110dffd4d7359130e62e19668b4f226ec6d5cd0fa25a52aa135e4dedeec0f38d1142a21b9826c35abd39793978d7c1e1946626661d29514939865199390d55bbba9242851ea41d2c2dbb24f6b2482db88af3ca95781ac6848c567ed1481d990b08512a09cd45957e6a826a906b7168bae667cae46e8a286f129d01493501e976d48865058beff00795ab132601f58a88a543ea1ee5f3d46aa1cc9cac46cd0fba8509998950a314e8a4fcaaefe11ad2700890009a09986b91343c8ace8d4e741668d3949122589dde9841ec8120b71527dc0716e11e3b6a638e60e73121defbc6869ad838eb78554a2b3c87afe879f3a42c80a9e70bd067a98dac47b46bca4255d9e555728d1d8ba8ba89722a4c674af68a765cdda286f1ae62ef4a1bd29ea614c3604ace72481650d4a8960da1771e9d60d8cd92a344cc02aeab306f792c3c89e50baa74b9746786132e524e161cefbf86a172f1e993ed4b3053ac10e44c008d59b50e900d0fde86d72e562507b270b2c721a3ebba4df8b1f578f9c4fc24e492a214b45332c24b25d88d2ac18fa43d84da6a973080a14550a2a3931bb7ae91b9065ac3cb7077d8f68e2b82c090a9648572a83d412de9e8efa58bd9c10495a49e038aa97abb57c5e317024899974cd5146a1fd63dbe2c9c4caed52dda860bca1f30d08f73f48f333251417a3e812dde078fde3cebd130ca178aa6f16bf8f9cae213e30c506bd98be5d7a56b9f61b0795416a29cacacae087674b3d98732f48a6d398b414aa59055429a25c1e890c906a40adb9d4e642549df3baec1292e735740097a7de535ea205b5312029472d4b148597604383ce8dbac5a04a709262acc480a6074d72ab8d1ad6766a35f1a6e026125530ba8d4a4a920f552946dd0185e704d831e012581f067f32fd2340e1a7cd0591b8ee54409692789375f527c21499874a7bd37311a4ba01fcd1226c959ab773bfdc055254054611e4ff009ece9e42149b892cdc9983b01c06804090096012fc20e66816481ea7ccc05733e8d7f48488483e253f4febf10a283458021633508507e558e8008e8e226e11485d68c45de1ac3a507282a70e4aa877470ad2bf2818282f46a73a9a7087f1d3484895f6672eee6424242b2b80564f7c804804d1bce13908afeee8e490aad013a2a1e083882401467a3fe6df2602853a712a8eed5c9ef56bf4d3378aa5292d520d7830f58bc992ecc4392cd1432833b372cdeea41a46181fbcdd4c31264a947edf7fc4181dd3e0c3699134837565d3bc78535f287254851dd5248c893348512e4a12494b1f96bac4e17651719941632e64805dcfd55b803c234d32d2095225a546580d504124abed2a012914001142efa3d8420819f485e7a9384e16def51d0c2f3d4848499c0ba8bf6798a403c55a82abb1347e6d1a1b2d214d91050e69959495559c824b9e7ca318c819cad73a5151e3989049b823ef0bd79c7a0f66b0d2fb794d88428058a0cce3cc7d523930b209ad073dfbf7bc23c40294920ffdcdd807edac5bda8c4efa909eea1391201a1cb4a8e24855a3cabb5541df883573a5aa1deaf68dddbf2015ab7d25c9777dd0f5d2bfac631c2e63914b25c814a86625c0a10581f5855470cb6e50cf08c9937d343df31d2e498be236a6491950a0ec96a1a9246f7a2bcc45360e1274e992d2b396597592a536e870a5f81a752203b470c93350ea200642b74864a5820d9aa1b5b9d19cfb9d8fb1b0fd9a84d96579d0900a491d904a520871653ebfc23c63a94b25e0d2e5205b3ac2bb1b1050999352b96a00909054e48abb26c28006f9478fc7ab362965b2661bc13462c4301a3b7a98f4384f63e62ccd992a6ba25a0e52c4ef04660164f83f3368f39854154c2e4be64b92d46ccede247ac33c3a12e022eef0fae7158f10b30df58f63ec7e21969491458c85e9ba774732df07816dbc1a828e64ee836a2416b93a9f189f67d09135292b49debfe8cecf1b7ed3c8966710ac4252e54f434a9e7427a4520a089dd473c8c4b972d4ae30a65e62d6cfab8bb58f48f1689695abecc84a9b8b83c8bbd3dd4889788ecc8509433ef021409653800e551a706e51aaad852097462e5a5adbbf1d4464ed04b28120298814fde0ab54d7fc31832c850241f423dc08fa2c2b922a920dc16f93beb138fc1e2e66f4e98897ca62d00f825e9e519abd9a9b267254be00383e2ff03149e9ab3a520bb513fdc4054065c8493feb01d4b7b9e24ce45080973ad604b67f139d75ed53e6c3a4127ecbc9df9894f40af9030b2a54bb05e625ac957ce1856cdfc2a42ba4c3f14c0b172b2e46209ca0962774ba9855aacc7c6274ce1a6253f5169a0e46b50e2a4e51952e5fda848a837727ad0247a4253519491a8247916f18e8b4e2e492054bd3ccb44c0140a54424d32e997a42801203de0a6725d798adcd01481606ae09a78186e5e36430042c96624a2554f91308a484a8f733730169ad75763f38838a55b3539003dd152471182a4eb60f9ffb87b426b9016df903d93f30f4cc4215444b59e65282dab860013d5e3d26ca98a99fedca02e66cb909ff00e931e2d5349b927c60d233e815e50e4ae292a533127a7c3fcc6c48c2909c440aff00911eb9ef58f758dc3c9237f1b22ff7250f7cb920fac2225d499730af20564584b66dd330a0e60e417b1a54f48f389c3bd56a6e437cfcbd63736728282425d233245c3e60285b4a0517e57b4514859150dd5bd801eae0c0a78c09777d5dcd3bb9f7e91cac2158ed248014410b41198a7350b13a1d08adc521dd9120cb28985d24106a456b71534fd62b8dc1281528828216912e62545940e6018a740024bf2ac2f2f1ca960244d2b6d4b00393b3a8721e51c231269beffd44f9a1733c00d7d5b2ad5e96af287fdacc3b4d5b005241523a2aa2e40a39d63cfec2c3199332b80594331a00e08a9d0dc0ebd63d3fed29c461f266066cb0c1e814927872275d1e33a5cc972431524acf78a68f7f40f0910e309ca9beb1c44dfa520cabab415eefb739d488f507d909f270332605a66a6602a5252cbc82e0a5428b02e59bd23c66cfdbcb426624124a804848d731e61851e373617b58b90bfb35ba4f7a5aacafd5b58c3f69365f653138bc23f64a25606a820d5c7149a1f036344ca168041a8e5f3d37686244f1880586fcfef5d5a1646d85e6404a4cb028a4a56a214f77ab3c5e4c977b92dcf8393e07dd0a052a6a8cc5809258b04b3867760cd4f3a98f41b370398a5c3805817d2acc2f7d21fe1a5e0188e714d53525253bf38d9f66b667da214ab0de357a0de2f6d394676df42e6cc52839ab96524d4f22446fe3e60c2c823f79300a5880c08f134a728f1f3b6b2d46872f129b800ddb8d4fce092b1294660b5876bfad3b44be07fd5e255389a0a037eff3dfac5118528de98c068004e626cd4a70a3fba2aa6532d45945f220948091f99458bf1bd0f285d4b52d542a98411ad86f17636661caf16c34b9054533a72e5d010528ed01362dbc193c83f58d95d2bbed178cc524b07237a45152a5804898a5137696a34e5987c61798897acd57ff001a7ffdc3f37644a556563649e4b2a947fe408f585e76c0c480e0671c5050bf44927d2264e2a36277c9a1847172934213df10ff00f4985552e56b315c5fb2366b5ed0298249fde28353fd2beaf7a5dbc2179e8520b2831e052527d5a059cf95b944c98e1c62503dbf11d54f416ff4d3ff007ffef0de2932d483914e465fb8d5ab9f1a53a4742ab0051dceac6911181f4d49189c91f9274e70ace2a54c529807c858506a4c5972014e615cbde0e1c7314b40c641c3a5491e2587be1b9b254003914011ba4a285dc5e28248c81d829c0afc7eb48a2248512c2a03d4536d13d2680e44b520299fa25feba345d198fc87e9054ca4d9f39d4076d19999cf3b4776a030dd67272a43b1b5cdfd60d2c9490145872a7ee0a963f68ac3987c180095a8020b14ba5fabe83ccc6f6ce932cbe54324e5198ba96c49496a50d8b015a55ab18d81c0a88cea22523f11b9fc9aa8f461ce1f4e3024a65e1d3314e5cbd54a5d46605350403a7ab98af2c78586f7b1015a8ae82ad7d295a9b3f9b5cb1ac68cc44b96572e6ad4ace494a120a1c8dd0e08d4e61560e9bf0c6db4722a5a433654973521c249726e5fc9a347198a520a7b6972d4c524a774a82414901c58381bbccf1853152c4e9f8702a93d9bf4dd04796919248be9f8f2a08514409988fdac4922c4b3d3a5b9ea62d8b9e8c2c96fde4cde2356d072001f32631f0b849b3b7d44cb9675173d35316c5879aa51014a0b2819ea0281ab8d589b73480f0dcc96b0332893c573d59503f24b1f189454a9aa38ac37530007e9203554aa93f87f207c8699f8d908949dc2b52a9bca36e8043fb23da05a65cc4dc942881fc60101439f1e23a08c2c7e2731a29c40244c634bde0067a52bc28b7cf2bc3a786132534caf58f6bb0b674cc484cc48705b31b049146274b1fea8f5386ec708905c4c98f422a949f1ef104f4aeb1e23d9ec41256124e55a7304bfef010e00e261f388de23ee9ab3b806a19f81abf278a52b14d400a553419f7e70acee0e6ce048b0c879b75beda34f1734cf5952882e4be62d9ba6af7e11e6662895b51de86c694af1b7eb0f2e64c27738f114e57b8b3f278551214169514b56b5d5ea7943803505a29f0f2532a58298a09685a5b384a88255de20b171448a53c7ce1e93325482a132423112cb05385a1492eaee28365abe8416b5232f0f3754366b3d1ec2a1f52469c5b58a7ed75cab4325c66480c4fcae6d4ac2266241a9beef7f2221c3e2beff00bbc7a61b17674f49548c5af0ca67c93d3993d133103fb803ca3caed2c22f0f30a0a83b021482588350d63e040870e10119a428ab8a0d163e0af0f28cfedd7dc0aa7e05070fd0d8f31585b880909a93e9eff97eb1d4836497e5019d8f98a0ca5950fe2afbe15263a62b937d738a3c4a98b59a1538ddb48c5321049646b131696b0c5c54d1887f22fba63a02a407fbc79fee348516fb5fa88f47b3718a54b54b774291ba0d5a6248506e163086d19602096aa66374e4e0d629b3d2a9733b3cc1f31093c145246b6bb8e31d885032a665723350b6a2eead5c7be2fa66ba083982fd44454c812e7129cc834cde8fdc0f439b027d9e80d9952c1140cc6a7460286ba90f06daa9082921252e016500455c3e5d052dca17d86b008cce2e457efe8cf478b6d749cd53bca487d0259b42fef82cc5912e94dee90cf0c9ff00e4104518ddeaec03316a73e83261484cc9ab03794e59eb41c7901e91e8f118f97210532121cd0ac554a3c33015f0a707bc79844c2904390e3cf563c452d05fdb26a880662b954fbad0495309604b93bfea199fc3824620300caa1b9b58b64ecd9397313390661b82b6ad6953c753a78f931b095311884051201268f427833b1b88122a080cea1bd43420835a72d3845b088fb449cc77152d4d74de58a3122a5c5e0732953fdc0e7a4aa5293a822dcadc9f215a7ab253f693966ad3094f45a10c7ae56f581cd9095ba96c79aeadf9058794358896a099891613414aae7b3398971a90a494fa463e20a943ed3eca58e553c807a98151219a2349188063cbb30b0e7a79c298b9c86224cba58acd49e9a08cf4168d7c5e2929961094043d81aa99bbcae04e8231a267127c69635e54022bf0d5412d4e65c98d3d898e32a624e8feb1e850ea464ed120a9456c4a9db5764eac0d4e9a478d11bdb2f68b259812284eac69d18fc4c35c0f115fa67b4352ce1538cfdff6291b20ac4b7c3a964920292956b50fbb5a33791e3086d85cc0a29ed2628025c294f66ad0d8c3987c723230dd398a85c0eea934672956f0aa469a3c0368a0a8f681542a096ccca7a12a53d813573e914969a18d214a258b815e997ae9f118ca94407506e020a2785865e6cc5824e83e2072b7ba35f0f86084e69a2b74eb95d8171a28b0bfeb00c74c209199fafd5a1199e1a5f96cdf97cd21d4708548fa8a2c323f3950b535bd989cb4cb502729b7de4bff00910f2c9527328b92c1daa5bc206958080c5dea78f481e13ba755a680717736834af00218d7f469d8d35d616523c49af5df68cdc4218d2de5014a5e1bc64a6fad602847104036361eeac489a80576dfb4656920b18aae3a0b2c54b9a543fa78c74084a41aa94d190146c2367da05a4a70ea05254a90872920d53573cdc342d2a4a920aa64b00049012a06aa200cec68454545c811db5a62173c00190960c817a0a00f476f08acecacc948de200ae620733e9e2629ad5e22d7a0ef13783904a112cd9893d3405ef9677ba6f025c82503c1c7188595020ef3b6b787e6a72119878f08bce94262730500cfa8af85cc1021f1240ad1ecf4a6f2117d5252c141556a73ce9dbac67959373109493049528c1fb3a46c34793294a0e6230b332dbfcfc8882940cc85ff001a5259d9dc29cf1a3f9c2cb4c4611ccc42742b4fbc08654b0b9785a2771123e9a8addb5e623d0fb44832fb64b162b131247324e4f30fe71e4d534a8fe299f745c23e04fa08f75ed4c90b4f788c9315988be420f96b5e663ca490f54a72a051207bcf13ccc2d350a5a80cb7bf88f9ff00e3563fe1c52bfa1deb73afa4634e4354ac151b80493e26dea6030eed04a12c94a6c2a4dcf9521288d391826618bb2d4e97891059330a4b881341a498d4997896c691d5160f1b889d9c06609161c1cb17e3c636f06132d0179415114395b2a6b56d1ecfc9f58cbf663282a2a402d573648a39a8a9e1c4910d6d09b995c83b0e022ea495201373bed0f70453317f6b848abd9cd9c679a98bd838ac298ac4ae61616f87ce149921aa6bad60ca25a033947d479c725c90ee46f7e8fab8678b998d2719249dd3e3991a56a033d4d0663c49d000ab7580ad66ad98a999c7af8411735eeee6e7e5c2388090f563763059a948152dbdfa98908c6a2d56193d35a727f4685bf67201275168856ae1d2fa72760fc2a61c5b283834f28cf965891c69afc2267192928609143637d74dd2092d4e02874dd6217a7d562628abc744a9b55474380d0d4898967554bbf9f13f5f21cb492a7b45c097f7d4e4e890a64be83ebce0b29441a314e84dfd0d3c628a11e0009a5df9ea74d06968c495054cb76e43df53cf9341274c6605cf2e316c1a5414e3ee9ded40eacf488c64beea81b88b6cc594ad2c972edf36e6cf0d70e929a9fb81363b72de948a1343cec2afb4b7951be29b1bd86c209c4194195629367e20885311852839541885331e698676789a264c5a545396ee421dcd2f4600136d39c5d5b4c4d500b4e620f7934218f3a11ca1d2124e9f982c99b390a2950c4876058e27e63fcb2b3a9ee2323112dbeb54c076523362248e33a5ff007a4fcc4696d3c3940417042959d245883ee3ca03ecbca7c64ae4a513fca14b83140092468625ff00293526429492e30923c8fee37fda6042a60151325b8ea189f40a8f2c281cbb014e67e51edb68adc59ca491e0a04478bc64eec9596625d0fba45ec09f00ed09a884d4c7ccf00a74e102befd3b3465e310a0cfde5b961a08cf063d14e40217313bca29ca96144834a479e5258b1d2267189216956f778b7c34cc49237b168e8b4b3100c36646546637368cc9412a2ad20aa53068d4d99358371d38962d0dafcea4756a9f561199b34a92cba357adbe71a68956078a53e6732a2d4b2fbdde297f1e5e4948ff00edee044143fa7f518e5c9cc72a535ed1bc12e21fc34a70a51a242aaa2fab861c4b9b40b11b51087ecd2ee4ba8d8fc7c290dcc9a8962bbdf58dab87faaaf1164d6be561735f2ce153b384b05730db41ff006f18cac63a9d4a0c2c285ba0fc5c63467ce54cb955744fd7d3466e225d48a803431138a9aa99536161f3ccff005059d2e5a518650a1cf53cf9358535bd6152a2f42daf289c301bc54f44d3f338bf8668b650e6acd142ba00dd4bde16042704c55e264c493883b451711165280343eff58984961cc79e292ed6f187a4153106cd99fcafe06144970ea2740961c3e54f3868158dd200d0ebf187f87504cbcddac331d05bd63290a5171a8ec77f3a43fb46584a521ed15d9ca425682baef0a5199f5e3d387a0314a2580ae9e30ce112129511bca0d958380eee6b750dd6eafa3c3fc3ab1294a1bb6fd619e3d4952b00d19bd2ff003fd41739df5adea2d672482401c2e6cc29c62bfb586004b4d0306b9a82ea3ad1c51af1d3592ca981d4aab5a9c4b71f58bffd450580961239004bd9fdd476a690598a09a4125a028f88b55f3a5b43ef1454e1958a890ef43671a88d0f61c3e249e12d67fb07c6115cc433106adf743d98c6b7b0e919a6ab82327f5a81f7223299b42955f5d76210fe7a5e1e196b4916a8d1e9eaf5d4d63531bbab5936fa31e136b4fed16998a6632d14e04873ff00278f5fed24e644c3ff00a5ea429023c68495cb17395441e877bebc6033546c375881fc62037d43d3d37e713872086069a8a87fd233a6a58c3b31925ad14c449cc92b714d0bb90e0534d78c62725d3cc562b4bbbe5138532c5487315c7e23330e101931598aac614aff004dadd23a13e378d1c082549ad03c6b85b004ff00b9f08c6d986be31ba192ee0302e3adfc3fcf087e597008ce28ff001eb094cc079799074e9179c56a4ba8912dd9aae54000c91c6be1ca91906702a75268487cbbb47ae5b81e463765e2d01a84f404650c4b24bb8de3a83af584e66d20fbe9ed06a541209a0bb3b781ab078ecf0d731d958d44e20da72e9f3e70976655fe9856ebdaa407a3b0e6cff38571142dc879b07f5787d61331ccb4e550a84f102edcc33b4674d5d1cbe67f31cf9c21c424341714570d2f366101caa1ddd2a4f5a520b875b2a86f0104839471a176f8b40e684992835b3168589ae1177fea168e8b4c0daeb1d12dd5607d23062e8a0ee97e3516e1e905c3acbbdcd60266a955249a3073a0d04301c65760e3d39f58d26678801cb9723d60b2907ee397cdb7f886a4a0286f122ba07d05eb4b738650f24866723ad0b7caf00c34abf021a2553180045402977bf0f28a728a92800539c35847dcb1a7c0f6880b0a2a2a72482cd4655c751a373824b92ca6cc2cee01e00d228b9092c413cf97ce18448466484cc3a3e74ff6b12fd0b5bc20ceac5567ea23a94b7888a778567cc2c29e3c63d17b143ecf10afca3cb39f8c79d5a5c14f0ccacdc6ba7d7de8f45eca530d3742a591ff00040f798c24f8a247f3ca3ff0ac4dca47a8315f6b96d2dbf10963c94ff38f252d6b4214a4a99c81cec6a39691e8bdb39c0aa520106b5008d030f798f2f3ce5749b8a3116f940e72c56adde27ff1c8ff00412f9d7d5be23ea5ec96ce9070b2d465e1d6a525f79292a27524aabfe22fed0ec093325a8644a4b0292915735069711f3c3342b2ad06c9423287707200cd7ba555d5c4130b8e985251daabba73172775c3082a1430862e21f90062249bdc68f96c4213b08a961c94f0a1f184d621d9f33ec25f324f9388482e1798b97f6be9eb1c9788d4ea7de347044259fc7a6b0dcfc415d5880c05390672d73ccc070382ce1c1726c071e05edfaf58bc8c3294a08173e5c5c9e0055f8450a9000b6da0fc325292546e3d05e1dc361494a9615ba03a89a0670187135b474cc3e62003a3d43372557a1f18d52841ca907ecd09659aef9cc4b8fcd9986a011c233f19912acaeb4a2ecc0a83ddcbb7f8107c200232e7fdc1e54d98bc99ea296146772ee5ded87fc5e8d08e46a80a70c4b69f2fae10ae2a767512400fc235a5e0a41cc7b72c05285c9e07875b5edae6e22667367a6572de0682f0a4d41281cec358ea890695defa73784d4962087f2d7971826d098199b79dc9e4d6f37865184248241a69a78a8c27b454eaa558313039f2d5278750347341efd29e59b428a654da6509a944c745827f58e88b854aafbff460a444c9b87b6b1ab9c17ddaa927e63a46524c3f82530772d75109b46659215487b85550a37bf6ade2513d920005f5734f01a0eb0446294410c3fa5304da1894a9090e4a850122e28dcb8ebe10b60262412a59340c0713c22aa8a94700565436b743e70144cfa0684f3cef7fd7286f0f308048f107588999562832a869a1e9c3a4504c0259d14b258701fe21342eaf58c22610e93510e4c50011cc5796c34184c35e3f0899131a6a16745827a3d7d2226515d7e310d5e4ce63ca9877ca02b94160a15d3ce01b670dd9ce5274774f4889caed139befa582bf89360aea280f84318dc22c84e55660519b2ea8173d07ce3390a2855aa2e0f9107c290a4e2cb2723bf489625a9202547c49edd5c73fd8768a21441041622a08d0c392710129525aa402f6fbaec4dd9f4851603d2da74e7ce09840ea57e457f6981cb510aa671a5fdaf04504f641c9cd9a834ecd9c9eae7d2168631482027c5bd3ca1710c4c01db46f68ca295d498d6d99607406a396bf5ac7a2958a24f652c0df648e63310cf7cb9aad1e4f67cc678d2933f2a8aab4f97eb14f849a7084f41ed68694906563605aac466016f5c8bc6c0210b2924001dace5a84d86f1f410994e7501751a01f12d032b3939bf79fe10192559f2856572356e623666de673648f73d4c5096832e5a2412e480547351c857d1a82b155ca517d5a9482e16502e56e00ef2b762f84591986b52c6169aa6a35cbb28dff00342fc4ae66221c834a3d6b1b942484a660f102f938e56d7964f061242d63215e4626ac3365174d3bb1998c53120171d1a37b1a3ec8cc58cbdd4f549b252385abca30a7a9e8588e347f1812bea21212a5316b9a83a07e9d8fbe78d4243e16a9ca9cacf4a82e2ad99784088e82e26e2af41fe23a25ac00a6896a0c5a2888730ab20647ef69f38cf8652960e2e0de3896b916fd0f982c9594171b19fa087b13992c96d19492e1887e705c2604a7328a80a3017273529c0f38455389d4c684ac5996a44d0a05f30208b1a5c43f2d66fa53d1afd6bdc1869089335671da849ee32f2ce9ec7c4a4206fa1c293b94a3bef10df1ad6332500731f048ad49f746f4b1fb54b595a866719415366212e9b58302230b152948510431e03f5ac1a6a7084840a369aeb5ef1c9b2f0a8cc724139e440140580b10c3f0628b53abeb487b112857892121235cbbbfdd9ffa60383920ba8d1816bdf89e005fd2e62a66b077df2328fe147ccfd5e17586a8cbd4feb3f282489a9214159d7a0a8f32f41d090d586f03312118852cd0cbcb4fe22d48f3ab59378d549ffc3cdfcd2c7aa8fc2322033c9c294f5f789043cf98acc91ff88fcc5e0b859995552ce087bb3821e17060dd8921c0a69d2052c28fdb7158e9ad20b8d9b9886d0369c7942f1023a0a26151c4632cc1843780ef11c4187e7229e1eeafcfca3330aa650fabc69c9a10f510d4b58a01143862f2c830542ce523c60b2e7a4ac12976d2bc286fc6ad0b25753c608ac32c1aa4a3519837be1842ca2d91dbc30b42a6a5aa723eacd9671d889a4cce1c1a8d00497507d2bf98bb0f08d29d81054e0d58d0914290fef8acec64ac8a5040a2520150054e0062ed4ae81a3604e5315a806a873980e37f9817132c4b2ac29773566019c039e42b6a07721a1cda802a4ee253525d092e52e12403e4efabc79ec5e1825952d4083a3874f5106993a61482c4062c79021ff30736e66179af35ce54e61720d48e2daf840f8979aac4125c8191b8156615a79eb0254f97f4b028b94d017c9e95ad458bb39ad0b42b32a6222a4c4c49271124c2c481024c3521542395216107969665338f8c650cec4b3c6d1881c490eded68e49822829aa0b1f5827ece407dd2181771ae9c5f94052a6b1220ca4cc45154dfa8e71a42927387b008a82b0bc9c924f83da36f6a6242a51cd2f2970407cc4228c3a9d408f3b3319308b968b1c429817525bbadcfbc618933ca6967b931404e94251424134b9a5eff00aa87b1bd28669b552398e1c5bdf002837bc6b49c64b5065cd5f2cd2d247a5fc613c54b02a929e80fc1cfbcf841569c5536e5bfc44ec0116f8f604c46224944820dccc47f6cc8cb68d09b314a9641b6604f5008f713004ca52540b120569e9f085264b270e9e799cb76811432d453624379015ee0c461e4ba988b6875e5d4c7a1297140ceb7a683bbef78c79d2deea62ab86b5410ff00a46c4ddd96e0bee063ad16aaf5668abfc727e92174c9dfd45390f5348e1c3f592d5776e636c7a0cc18c0c4e1c8341a90c38885e3530af2f31041510c78b50fc3584d786566aa54906b50d43a87d2252a5b00a4bd7c877b46d682f6ae9dbf3942e930f2527888aa2404b15072f6f73c1d082a2d7e94f2e306e1a4920bd797e4ff006fd2b1d49c258f28dcd8e7754555208a8624063c7576ac5276290a208357df2a5572d9fc1ed19d88cd20f7989b3120a6165ce52bbd56a500fa30d85b732d667f57d35af93c553c5aa54b121998935bd6a32a57d28f5221b9f3412a62497a17d2d5f48565ca72f9b7503bc7e1032905feed09aea7e70f607005493994ccd4fcd094c9e2aa5d875ec35d2fa40e54b5cf981290e7ab73aedcb5215c5620939b7806090fc83181e22695f80d3417f9f9c0262c9352ed10b71195719316594a2c4bf53f15d227a9081548b51fdf79416515652128fcc72bfafdd8e85d6b26261029e906fad4003d3981e8c7df9c44bca5dcb529ccc420e85e0220fa46ee6002cdb31697c6189789ad43fd74854ae8d132cc7b08782227ad1f69879042cd74b01ac5d492b616034b04dcc2a9715763710df673960912d64339525048675241240b3a543f94f030cc9290f8f7cb583aa7248abf3e7a746d3cab039b8329199d2402cef737b7080cf96a49de003d5869e56e9d234711819a997982668486ed1265ac049d09269515d3a4513829a539bb09a5243851ed1ab505d995c79bc3865a7222d4bd7d3f633785a61048c1419bebc8e901c28208504050ad0859068d566e3a728614b00875253ae548596e809bf5f130b8c14f4b8ece6258e524852402c0e524d01620b7486a40ce8cc52a5106aacb72c75e0d1b44d0462b7cf9768f21017e0173cfcf959eefce15c8165c05667a1e8e78b0e1ada3424485cc404a726ed00772544b007417804b4a82b710a60e43026a92daf02c21b5249576d94824a4b0046f1666eae0b73824852122accabb51c7e7df3306fa093549f1279d2dea08ceec4b5a3317835256a050738ef063bba17af4f382cb9896282537704e67069c08f746b2369a802548512c153090492402012e6a19afc1c718cec5a7b62f2d073040242454937f48c4d12a5a5e5a817c86dbdeba47644b59412ba1193d086157bddd816a331730ae2d0535b8e394885d18c5bb86078b3b747b7845f13875b3e42d9736a5856a7858f94525e12628b096ab805c1b9667e171e638c27314a270d5ce5ed0254c095e24914cf61da1b95b566a3efe604390a00b1a8d6d15998a33375d9cdac03c2aa4106a0e54de8dab17f1a44192ba9085001de868cf73cb29f23c2373a74ec0d8d8680d3f75eb1a13c960af10e77eda5294f2866538218071adfca35244f1440bfe1d79a951841649717d7c22f83c6292a2a06a52439af4f5689f397326a18e5614039d8452e0f8b95c3cc003b13537a79f47cb3826d2404ac8173bc5b4cda7d718cf51834d5e624d6b53c601315c230849480f08713353316a524307a0dfac1712123ba4eb99fd23a153131a597512290ab9dfbf539f389946b045a58c01e242a3c08668cc1045902069eb04483a18d01998ebc3f8832c250119b336fb917b86634a52265ed39c13944d584e509605b7525440ff009aff00a95c4c2666711139e0b30825c795a3d2d2c189f38d31b5b10b0b4aa72d41637c2967798a487735a81e51d2f69ce1951dbcc08482123316482c58070d502dc232829a24ade0826a70a43541edf9f58d670f4cdab3d4e0cd5b150590ec33009014d6ccc9487e51d2b1f31280841200734b97a1f03c2100a83cac5143292483f08ec95849adb36676e4fb31b42b0e6dbde6237f656104d92b98bc6265ad3dab4a5382adc0b0c7300334c61e04d59a1cda3824c99644ac609ca0a4309697ccc91bcf98948494916d1059954c7938f5a084aa62b28a82c1ead67b55293e0237666d15a65e6ed26290d40e9142007eeef06168c8e29d47092c6d415ef973abb670ecae12656fe1a96ab7b7b1f28c5db32b2242d3882a54c60a19403972215bc7392eebc8cd5285d78af995290ea510b5a7284b974a7e1d219c529472cc3314454a5da8fcc6b41e518b36683c5f5278f28c4a5bbb114e6d7a30dd9e39353f40625872ab3b16a3b9e6d6d0d6b949c64c66cea66cacfa310dd189a73832f1f3012d3145c824bb97052454dfba9f2108a8c4131c2b63489ec19a1a4e316c412e0820b8162731f5885e36617df5328310f715bf99f330a83175a8696d23c4e24f48e41ca9937be83e30011478e2230ef1a5106c2262c38c0c98a95738e3b5a306b1ca31d104c7467134722045e223a3023422c21a97dd3f5c23a3a18e1ee7a18caa2ffbbf185931d1d049ff00e1fed11e45cf58931223a3a0104894ebd22aa8e8e829fb0464c3988ef23ff6d1ee87b0dfe97f27fdaa8e8e85a3e8f85ff9ebde421c9dff009497f953ef547988e8e8c70f9f580ff39f74aff60f889569158e8e86a6fdfd87b0885944a7e11431d1d03cbbc76244718e8e8f47221715888e8e1fba39153131d1d038e47fffd9, 'JOHN WICK:CHAPTER4', '2023-03-24', 169, 'PG-13', 'With the price on his head ever increasing, legendary hit man John Wick takes his fight against the High Table global as he seeks out the most powerful players in the underworld, from New York to Paris to Japan to Berlin.');
INSERT INTO `movies` (`movie_id`, `image_url`, `title`, `release_date`, `runtime`, `rating`, `description`) VALUES
(5, 0xffd8ffe000104a46494600010100000100010000ffdb0084000a06071414131614141417171618191917191819191a1919191c1919181f181918191c1f2a231f1f27221818233523272b2e3131311822363b36303a2a30312e010b0b0b0f0e0f1c11111d2e2721273030303330303033303030303030303030303030303030303230383030303030303030303030303030303030303030303030ffc0001108011300b703012200021101031101ffc4001c0000010501010100000000000000000000040002030506070108ffc4004c10000201020403060304070309060700000102110003041221310541510613226171813291a10723b1c11442526292d1f033728216244354a2c2d2e1f12553638393b2154455647374e2ffc4001a010003010101010000000000000000000001020300040506ffc400301100020201030106050305010000000000000102110312213141041322516171328191a1b152c1d1142362e1f042ffda000c03010002110311003f00d6775a544c946dc8e42bcb586275e55d2b2a4b5304b13bd28af294d2b479c1b6e04890b3e676a69c0b89f0ec0b18208806099060ebf81aaac916aec93834e98095a615ab17e1cc01241111fed6a28536e2b2cb10f752e4172538db1d2a6229a4569646c78c2b907294dc9449150bd64db0ba890bd4256897069822a89a48469b0565a615a28a530ad3a6238b062b4c64a24ad31968d8b40ecb4c294494a970fc3ae5c12aa235d4b2a81972cc96200f8d7e75b55720a2bd9298c9568bc22f1ca02139a0aeab0658a88331b83fd1a6af09bc7f52349d59563462673111a2b1d7a56d6bccd45514a614ab5ffe1377c3a2f8b347de5bd42e7ccdf17c2323f8b6d37a1711856462ac208dc687948d46844106475a6534fa81c58094a5449b74a8d9a8e88ca7caabb8d7103610340824832c040cac741bb12401024eb20188ab267af2d36bbd789bb8bda8f4e2d466af72a47685d4bdb4b7982ba84d08ef3ef02dcca5800595940d0c7c3246b0c4ed43960156dc328397672ac6f490844c7865b63e23ae801bd6415184a9c33277bf1e85e51857c3f7295fb4658db50c8caea1b46530444aaf8b7eb127ca9bc271e6f2166508415f7cc88db1d47c51e713ceaedad566f8871d973670a9dfdd1f111fd9dbf376d8fcfaeb3a5347245eed8563724d463f36f8f72c31055416660aa37248007b9aa4bbda3462570f6ee5f61a7801080fef311a7ac479d4b6bb386e11731770de7dc20256d2f900209fa03cc55bdab4a8a15542a8d940000f4034ae88a9cbd3f24652c38f6f89fd119f298eb9ced61c790ef1c7aeea7d88a6b7679dbfb5c55f63fba422ff000eb5a2294d36aa8a11eb6fe645f6897fe525ec97e4ce376530e7e2576fef3b7e44530f64f0bff73fedbffc55a27b27a531add3a863f244fbfcdfa999f1d97c38f85597fbaedf9cd79ffc0597fb3c4de53fbcd9c7cb4abe294d2947bb874dbdb619768cbd5dfbee51361f196f9dabe3cc6473e9b28f9d3471b55396f5b7b276f10953e8c37f955e95a65eb208208041dc1120fa83434ca3f0cbebb8fde467f1c17bad982db65612a4303cc191f4a7ff0094372cb044550023490a402481f132feb11680991cb793405fe0194e7c3b9b4dd3743eabcbea3ca9b638a15616f12bddb9d9bfd1bf983cbfa98da84a6f896debca1a3860fc50dfd386bf90c4ed35e0a4428cb1e13b02a036e7ae7de75016bd3da5c4402083f76ed22439c8b93423f58f784e6ebaebbd4dddd2c94da1f9fd84ef21fa7ee08fda8bca822185b1748752c67c265a6753379816dc44ce845498cb8d71d9db566327ccf3353f775e7774d04e2db6c9e49466928c6be776065295146dd2aaea25a4d6914853a2bc8ae1495515b77638b5782e000b310001249d0003724d7996b357c9c7dd6b2848c2da68bac0c77ce3516d48fd51a124791e6a471e5c4945a5cb3b7037376f85cbff00ba8e6bd7788165b65ad61412ad7367bb1a15b73b2f224fbc99517982e1d6eca0b7690228e43727ab1dc9f33ad1164045081405500285d000360072029334fad261c0d2299bb42f852a5e5fc91361cd40f6a8a39abc0fd4576c5ca2bcce296893f2064c3cf3a22e70c2031ce204f96a09046b1cc52cabc8c539cb9d45c693a1398ea3a6f5bbddf7b5ee81ddede1dc8ede0189cb22492bce255558fd1be9515bc26659cc3f5e041d7200cde9a1e75ebe6d8b1d040d4e834d079683e54def0c1198c36e24c1f5eb4d6ba315292e47dfe17958ab30d14b130765241d3da997b85150c4b28cb3cf7f1388131fb07e7485f6064319d75933a993af9d7ab75b91613a1862277d3ea7e66a32935c168abe4aa73e54dcb56470c3a0af1ac0ea2847249f98f28c515f96a3c56096e294750ca7707f11d0f98ab23696a32b5d31936b720e93b46608b9842334dcc31319b76b53b06eabe7f81f8ae954100a90411208d41076228c74041040208820ea083b83541879c1dd16c93fa3dd3f76c75eedceb909e8791f7e4c485270f6fc17db3aff002fcffb2cca520b144b2d30a55eece3e084ad795365a54290d65fb93510bc798a2ca81515eca14b368aa0b13c800249f9579cf2efb33a163f433dda8e28c4261ac98bd7f49ffbbb7faee7d81faf38ab7e17844b3696d5b10a820752772c7a92649f5aa5ec960cde3771b706b798ada07f56d2181e8491af5ca0f3ad12e1e0e94b19b6edf53a3328c52c71e9cfabff00420669114feee9648ab26d2391d36341aa4e21db0c1da72972fa86d8c06600f42541a378e5b66b4c8ad94b42cec7c460007cf6ae7967b1f6ef4dc0d993364499f118cd9cea0c652ad1d4813a54e79f4ba2b1c3a959b9e1fda3c2de566b57d213e3cc72159d890d1a1a15fb556492b656edf6060f728cc01f33cbd6b2f8eeccae0ae59bd9835b0552f0ca00c9708592bb151304743e423a2dbb61542a00146c140023c80d29b1e479364c328c31ab926dfbd228938c635be1c0c0eaf7ad8fa6f5ebe2b1dfeab68fa5e1f9e957b15e1a6781377605daab88afb99c6e33884fed703700eb6dd6e9fe15934dbdda84369ded2bb5c5f0f76cacac18a92030009d94ed27e75a12b557c638be1f0cfde5f7ca45b28be163fda303c87fe09f9569a94237177f20c724324a9c52f54ff28c0a71fe24f734ef343f084803c882a07ceb5bd98e3ad7f35bba852f2ee082b3edc8d56e3fb6385cb985fdce9e079db98cb23de82e0dc552f713b4f6dcb0b8b0f208964b663e21bc28150c7926a5ba6532e3c7a7c2d59bbcb4b25105297775dbace0d20e1285e25804be972d3ecca3d54eb958798227daacbbbaa6c271556c43a46e0283e699a7f1fa524f22d93ea521192f147a03f66f14cc8d66eff6d60e47f31faade608e7efcead0a554f1a5ee3156310345bbfe6f77d4eb6dbe875e8a2af0ad363952d2fa0fda229b535c3dfe7d418a57b5315af6a9a8816898853cf5aa3edce2dbb8166d9f1e21d6c83d031f11f48d0f91a3d16aa715f7bc46ca1f86c597bbfe273900f9107dabc5d5b51eb618ad57e49bfe0d060cdb4b696d7c2a8a140f25103f0a7a913a308a65cc298d054098739a9f5bdb623a79761d6ee2cc73a7e4e941ddc17353ad3b07994eb548ca49d1394535650f6c718c156ddb3176e17eefd48ee949f43733ff00e5d51017f0e882c8536ecabbb931a93ab01e6155547a51bc630c05cb97d998ba2955630022666fec87edb17c99cec098d988cbf06e33df5abc8c588731e0cb2149da18c44003d0d249dee74e38a548d076b6de21ed5e9c9dc774e7948cab2099524c91b48d3eba3ecbe24bd801be240a0ff895587e247b564fb4bc40fe8e2d02df7845bf165048300e8ba0d26b4bd91420dc9e7a8fe37fca29b0caa484ed31f0b2ecad34ad4c569856bd0d479a4456b3fdb2ecf2e290235cc87c2c0c02214b033b6dde7d6b4b96b19f683c795230f68937a1d98a91096c21cc1cf9c881d40f2a8e66dc36e4ae1a5357c19ce33c070d77b9c2dab8c0d84233403259896cc277cdcb94d49c2387d94bd62cb3ea1816240d73b2284f29c933f9556768b11645c2f6972955193c46436e41111a6ba0aa7bd8e77398ce666ce4f400e51f5715c9a6725cec7a0a50524abe7e877c634c6aaeecbf184c558470467802e2f30e00cda74e63d6acd92a96d753924a9d3447592e1b84231594b1f03319eb15ad65359fc003fa5b1ea5ff003fe549395b88f154993f6bf082ee12f2c6a1338f54f169f223de89e158aefac5abbcdd158fa90337d668e7b00883b1d0fa1dea83ecfe7f43b6adba35c43ed71bf9d5f995d814bfb75e4ff25b9534aa62b4a9fc5e646e3e4590c20aa4e21d8d2f7def2622f5a670a084ca0428803504f9fbd6aee59028576d77af3a92e51d30cb25bc59991d98bc3ff9fc547f793fe1af47666eff00afe2bf893fe1ad2779e74d6bb4ea697233cb333ffe4c5dff00ea18af9a7fc351dfe0572d0ccd8dc45c1a8c8c5729911ac01b4cfb56885e04c73aa0ed562e0e5cc00ddba9f21fd73a79e48e9d81094e52a650f13ba0a641fe91c331ea01d00f40c24fa0dab19c13835d405d58a9531239ebafd6b4f8cc42862ccdaa2966e8806baf531cbcfe541d9fed0db406cdc260333073e20d9989824749df63491d5a5d176e2a4ac9195aee2ad9bae5b20d27a98d7a69d3731e5aed7b3fc540696530dfac350098f09e9b695863c4edb5f487819815e52410564fafe156bc21dbc56ff6c9007b693e7e13fc5ef42da698af4cace9e082246c685e25c46d585cd75828e9ccfa0a2f87e42a1469034ffa5728fb55c73fe98f68c8545b794722190348eba93af95764726a5b1c1a129530fed07da1b3295b0a141312756206e7a093023a66acaf084376c711beda94b56adc9ffc5bc331ff0063eb5457ee9d89d7cb97913d75f6ad77647053c2389dcfdb000ffca01bf1623da8b0fb19fe1d8317554b49f7247caa4b1683ae35f95bb56917d5b13607e4f41705e27dd07563e0ca48eb3d07ad5bf66f025b8663eec403730c8074cb74337d1d6934b8b6d957352d2a3cb06e1b8f6b6ccaac448d35886592a7ea57fc75aae0bdbdba919ce71d0eb5cfafb82e41e47f215225fa651f0a3659aef25ee77ce0bc62d6250b5bfd530c0ee0f2f63d6aa300bfe724f5279759aa2fb1bc5827136c9f1781c7985cc0fd48f9d68b08a7f48dba739e62b972454648683b4cbecb59dec42fdd5fff00f6afc7a4ad69a2b39f67c736105cff00bcb975fe6e47e55752dc54bc12f745d95a55062f1304209077cdb01be9269536b44749a1c7639554c98355567882b1ca1a4fa11a50bc42eb5d1f75ace6d244e8c79133ff005aa4c460efdb6ce2d9f0ea608247b0335e6ca7293b3af1e34951a776a61a8703c5ecdcb618b2a9d883a41fe5443914aa4d0689703b92790d3d4ff46a9f8bf024bde3690d3a107fafe855d61c0c84f531f21ff3af2ec6c4c05124f4ea6af15715625d374715fb4155b589fd1ed9255514b89d0b36bafb653ef59e3618c05dccf9091c87f5cc75ab4e27c4bbe7bb7c2c9bb72e3491f0ab4ada58eb940dfa79505c4d0264110d94163b4925a4fd23d811bd764552a25376ec096d9de76883cbfafe55d0feccaf0baaccdfda5b60187eeb0f030f2d08ff000d62b07611d5ae31ca2d94cc06b994b19f42009df919df53bb2fc6c61b10b7a4f764f77741f88a3416260412a4861a03e18eb5a51d48119389daac183a7911582fb6ec04a58c52ee26c39f5ccf68fa7f683fc42b6e8d1f97a72febceaa7b6583fd230788b43526d974fefdb87503d72c7b9a96375204b8b386969ae99d90b73c0b123adbc49f906fe55cbd0fe15d37ece7173c2f116cfea8bda793a18fa86abe4e17b891dce60c6b7bc3b10b6381c1f8b137ee347eedbc8188f2fbb03fc7582b6a4c0dc9dab6b82c137e8375ae6a2dd9b96ed0e433167761ea58ebe7e95b2b5497997c11afee3e17ddf4462d5c969f39a72b5462bd06a873d9a6fb3ee2fdc636d126158946f47d3f120fb5754c3e100bde9aefe95c1d2e156046e0823d4577de1f745ccb746587b61c7a32822b8fb4c774cbe293a682bb4f88ee70b7ee6682b6da3fbcc32aff00b44509c2f082c606d2be816d29613065bc4c34e72c4543db6fbfb986c10ff4b705cbbe56adc933d27583d5281ed8f13371c5ab7240cda01a31d351d40d452349752fbe84bcf7fd902712e3b6cca8bd941d464048107a81afcebcacfdce097988f01d001e9cc4f4a54dde43cc9f76cdcf13e22d6312a517366462604b1f1f90d840a89b8f3adcb9732f8992086522236d74aaeb81ad5f424b1b796eac91254e7f2de489a39aedbef1ae6a494235046c3403c3a4d79ee6d2d8ebd0baab214e2c991aea000b3a8bb6b9abea73275561aceda56cb0b716ea2bacc30913bebd6b9659c6d83705c60540686b6da3419dba89e5d44fae8bb03c601bbdca19533a4738313ecb13ae91558efca132436b4cdc308caa3d4fe3fcab33f685c5459c05e2a7c7740b29c8cdcd091e8b98d699ccb37a47f5f2a0b8ff000fb589b070f723c6b2bd54ac10ebe6a4afce39d76e18292f638a73d2d1f3ef0d5bb70e4b2971d9467cb6d0b91f082d9403e5af98eb521e1b89b8cc830f78ba919d45a7ccb98787300b2b206922bad7d9ff0065c602c9174af7f7988620c884cc5113cb28673ebe42976717fed3e264ff00f67f2ee9ff009574a8137338cda66072652c498c9a839b60206b3276eb52e2385e2652d1c3de0ed98aa9b4e19a078b2ae593022636d2a7c0affda080ff00ad283ffac26bb1f15b73c5b007a5ac547f028fce8a8824e803b098abed83b697ed5d4b96beebc76dd4b201e061986b03c3eabe756566ff008a06baec35983a8d285e23dafc5d9e2270c2c06c386450c2ddc2de3b4ad39c1cba3b41d341e95a9e21697f48c33c43b3953d48085b5f488f7a94b1abb5e63a934b75ca3e7fe2bd95c55bbb79130b8828b71d55859b84140c4290d9750401ad5cf63f106cdabaac08cf6aeab0220860acc241d8e8c3fc55b8fb46fb45c5e0318b62ddab2f6cdb4b833abe7398b060195c01f0f43bd49db2b56f1fc30e3eddbeeeeada2e7504f8245cb6e63c4148683e5ca48a79ab548d8f9b96cb8b395dbecce32da48c2620b91cacdc2147f0ef5ac6c1de5e1d91ad5c57368ae56460d9b2e50b046e48daba276d3198fb496ff41b16ef3e622e0b8400140d089b89acfad67313c431ef6ecae2ec5bb45ee282135f10739608badca0d09c555b1bbd72a8a5492e3f73939ecb637fd5311ffa4ffca81c4e19edb64b88c8dbe5752adf2226bb3fda1f69b17856b230d656e070e5a6ddc720a958f81844c9dfa505db3ff38e0e6fe26cf7579555c291e2b6c6e2a889d40604784ec1b5d45568e7b38fb9d6bb6f60f123f40b1718a855b4c18b6c05b24127d96b8935746ec70b989c359c2095b485ae621f695371992da9f3dfda7f575e7ed0bc2bdce9ecf1d527e5d4bee1d7bbe17f197494b97f2dbc32cc32da4324f9039753b7f154780e2612f1014b98619946686df25bd0c80265a28cbae5fbc5b56c65c9dd29d15540d1426ba002aab0f8a6c29b6d6c067860c48989d9447bd79d2ca9b3bb4ddbfb0fc262af22b458b873313a489d743103974d2950588e3b8d1f0e683a8958041f51b74a548b75d0ce3e859dec6779715b21ca16e02641125c1037de268b1878b86eea4148cb1a08e635dcfa72aafe2d708bd69496cac2ff00522435b8f78cd5322b2dd772e7bbc832ac98194496cb1a1f3a9cafec515742931586586bbbc3a90a743ab789482241fa511f679659f1c857c2ab9ee3891faa0c01e525050871f6ee33ba5c0ec4a1085003e160441dc83e29ad37d9961097bf799402a05a100eeed9ee6ffdd4abe34d3a0667e0b370ada1f3358afb5ae2af875c25fb461edde665e87c1054f910483e46b61dd6652a66082246844cea3ceb8f7da4704c4dac45ab2b72fdfb574cd8172e35c8630a6d8cc60104efa68c3a1af47126a367992a722e380f6b8e3b8b5a650c9692d5d0886241292ecd1cc9007a28ea6ad384f1344e318cb2cc035d5c3e40799b768784799170903f74d017bb0b87c1e18e20bdfefad5b0d71ad5d36cb6dde0481a08903da6aafb71d8fb630eb8dc35dbb78785ddae39b8cd6c8195c344f874907607965abee4b66c3f0df6677bf4f17cddb7dc8be2f8f8bbc23387c856201e533e71caaf6ff174bbc730b651837736b101c8d83ba1253d40459f58dc1aa9e03c1ee2f0e17f1989c592f052d2e21d243c2d9b7a9f89c91be8030da0d4b63b15c37878b67138bb96efbe60b712eb5a8d00609904851204b1d67da882ef934e9db2c9c46e60ee2aadb5c8a9724ce77b76dc079d20972a239c79d17c4ed3ae3f0ccc4952ce17a09b6d2bed1f85649bb33804c4fdee3deedbbb6bbd0ed715df755426ec10ea5434693f77bd6bb0d62de270c2c8bed710cfe8f8a46f1ca1235711f7890ca76cea0fef44ddbd9f99574926bc8aafb45ec46231b7addcb2d690aa942ce5a4298f842a993bf4df7140f6bef59e1fc29f009703deee995baf8e4dcb8cb272862480279f38356984e0af88ef6c5fbd88b6532eb6ae9463a9fd620f848f98354d89ecdf088656c4dd332ad2e2667593dd6f22b2df734a52a516ed2e28d076eb0b8fba13f40be9658331b85f620c6503c0dce7a551dbe1f8e4b568e32fdbbac9750ca79ba85ff46bd6299c17812deb989ff3cc6b5a4741688c4dd12a6da9693cfc59a89c0f0ec2dc06ddbc65eba4f8a1b11de308d88cc26349f6a32f12d89c6e2f719db4ed97e837b0ead6c35bba5bbc69219154a82540dc80c4c738aa5fb5dc35ebb86b77acddcf8610ce8b194e6fecef48d597503a0907ac3aef622d6216f5abd7ef3e26cc8567bcce8338cd6ae2a192a8d0011c8a3093009a4fb3fecf626fbdcb588bb884c359cd65ed0baeaacfa8368006328d498ea073a715231387b6233bfc2361fb47a7a574afb2cc4bbe16f8500b0b998eda02aa363fdddab0ddb4fd1c625d30b3dd5b8404b660ccb398afeece83ae59e75a3fb26c4a66bf69c905903a91fb8483a7f8fe95cbda53eedbea75c271d4a31e3f2ce8386c6c2b06b795634820191ab1db41d2a8388e296c645b6aac1a7336f079475f5abd7c4e546220a2883b755dfdab398cc55b5bfe0ccd97704284604788cefa1cba578d1ddee77c503623b4970c08042a85d10f2f5a5436178b0b59fc2b0ce5f706091103ca95594125e1483b906078b5c775ce0322920e9a80429660373e801deb5cb85fbd6d17b8ee410dae6cfcfcb2e5fad647ba5b59185c9704f848df2da59004cf53efe54e6c74ddbd70480a9a0027c65600040e6c37aac927c2da848a7e61566c228720a97013bb6622752412bcf4ade76430e6de110b086b8cf75b6fd66853a7eeaa9f7ac8f65f0ccc58ddc3bea8191bbbcc37f872910773acd6dd716e7c2d68db50000de10a4680051333e51caa58a5a7234d3f7e86cf2d51495048bf1705be650b7c8a81ff00b8fcab3bc37b4b62f0c435eca1b077aee6247c2a0dc54b8be654b2e9ce7a8a0f8c76a058e2378946745b49640040f103de13aff788f6ae57c52ee6bf7dc48cf70b44f276ce03758397dc035ec63924923cd9e37cb3a8711e33fa4f07c45f232e74bc00e805d75407cf2859f39aa3fb1ee325fbcc0dc19ed946b892240048176db03ba9cf31e6dd6ab709da6b6bc2df0591cdc2973c62320cd70b09933a66036e46a9bb0dda04c0e27beb88cebddb242c4f88a9075feed50956c5f7dab7696e3e2c58439130ccae36d6e406ce7c941000fef75ad2b76e787e2156cf15c2b59b8003f7b699946703c48c00b880e9cbdcd739e35c705ec73e2eda44dc4b8ab702b41409a32ec412bb7435d1f857da2e1f1645bc4e043ba2b3968b772da04f89fef04a098eba91a9ad66516e9204ed9f6430f82b2b88c3330b4ec2533661aae60558ea410a77260c7a55f762ef65e02ac3f57be23919fd26e46bc8edad673b73da8fd36ca80bdda655b889b939e002c622609d06c277a27b29c67fecb6c1f76641705f369e2b86e0f0c79c6f52b49b3a6509698a66afb098fbb7431bce5dc25b5cc409305a4981aea67deaa7158de13deba3587ce1d836973e207c47e3ebcea3eccf194c32335cca018596709d4f31a9f2a25fb57862c4ae191bf7c05d7e680d68c969dd89283d4e97d023b22562fe510a6e4a8fdd3397e943704ecfe1ad39c45abaf73282ba1561b02744592d1cbcf6daa1c2f696da3dd6ee880e548519446558f4f3acff000aed30c35d2029b8a443aa9882272b49d2771e84f4a0a71548658a72b68adbbdb165e24d8dd52c01dce4fd6b96d74263a869607c80eb5a9fb50e3ad86c364b7e1b97d8a671a65000ced3fb44428f59e42b99f6e31d6aee29deca3a2900b2344073f114cbfaa743ea4f28ab5fb40ed9dac72594b769d3bb66625f2eb98010209e9558df2c94f4eca2bdef96645519c85024e80002b63f67384b96b163bcb6ca1ad5c12469cb9fceb2fc25a2f5b3fbc3f95760ec8601ae2ab9610c858687405982a379f84ebe55cfdaa4d424bd0be0c717e26f862c707eeccb9ca7c31a098e500555e0eca6cc858f884b0d06aba19f7ad2e2b02118b41241d4020a951b390403a99f9557e2f8a12c18210a0928d048786500c46c7c5acf5af9dbc89d53fe0f522d3e0ccbe1c82d28259a573c1811a8104e9fce9559e3bb41fe70067cce8d721b4d1751bc44191eebbf2a55d4b2492f859450f55f52bad64c362b2e24a5d397329c9f0921750a0133022b4373b5d87b72b9ca91a8845898d20c99f6ae77c4b0b72f5d376e3c3b46ca46c2073f2a758e0d264dc27faf5af5578634dee798d6a95d7dce8f7bb54886d937330369ae30501434c0458e5cfa6d46f05e38976e5a50a4aa6677626427776a67f8a79ee2b1bc3387a0dc663d5b58f4e405682f5c16f097f2e85d56c88d3fb43e38ff000237ceb8941ca4936dfee567a74f85193c5e21aef7d748326e9b86790b803007d3347b567f118166be00d030067d0411f4fad5ce2706e5f38e621bce06863a880287babf76afcd184fa3687eb96bd05b139a5260ff00e4de21b72a10499e5aef037e42a8b19876424303a693cbcaba66058359f6ac7715c3c8c41fd916cfceea8fccd52136dd13c98a2a368a0b2de5345e1023b92ed91002cf0609123c03cc9207d7955bf0ac30c9b72a11b008d7950288325bd07f407bd36bbd89f74d24cbab973bc234800002390021540e807e75a1ec8288b8be87f11549652af3b30b96e793023e441fe751655bb09e2bc2bbcb2eb1afc4beaba8f9edef54b866f088dab6646a6b13c6302c2fbdb9cb6a7369bb06d728e806a27cbdc231b1a527e274bfee083138a6b92b6f451f13fe4bd4ff005ea1e15c1b52046a7dfcc9e73561c4404b2d9400029803d2abb862fdd4797e1462b6b0cf25f856cbcbf76507682dc5c07f6941f7120fe555d57fda6b5e046e6ac57d987ffc8f9d500aea83b89c535522c38163459bc97194b01984089f1295983a1df6aec1c278d59bb8705d8286df2a95825d882aa14000499131d3cb8a61f5702bbb703536b0b65214c220d507303a89e751ce9354cb616fa19eed263efa903f55632b26aad03e2040d08f989f9d1e27b5170b1968e40f381ca544cf9d6bfb49708bacb2206ca348f3d046ba7cab358a507751f4ae18c1465b1def25c69a5f42a385e08632f5cccf19546a342d27cf7dabca29f0c9320007d04d2ab110ab7c13bd72b864bb740ddd82a8fc74f733e557f6bb296aca06c4df084eca907e52096f615944c0b4c0711e44fe145dbc03c819ff00134589f32ded580f732d80e472cc564f9e9000f5ab3e338136eddbb4c4127ef1a3696d02f9c65dff0078d50dae1cc37b83de7f9d5edcc3c5b45df2aafd4663f5634b05b85b01c1e0731db955362f03e1bc839ab81eb12bf502b63c3acc026aa38a588b87ceae89b650f677199ad8f4a031d702a62c1e76edc7feb20ff78545d99ba10b213b48f96955dc52f966bb1a82a07b77b68cfcc0f9d3c554869cae05870a6fbb27ca9703b79eedc7e8028f7927f014260ef45a3ad5b765adfdcb37ed3b1f900bfee9ad5562b96c9062a6b156d8330c91c8c7ce450d86b1ce889883d083f5a46134adc8f9550f692d7c0e06d2a7d0891f81f9d5ce1ee48a138a59cc8c3ca47a8d47e14a2a321c69bee5fdbf1155fc20988a378e1fb97f6ffdc286c06d345701ea43c6ed4d97f2d7f875ac9935a7ed0e2c2da0bcdf308f9026b30c75f4abe3e08e5ab09e1293716bbaf0c4fb8b43ff00c63e715c4780acdc1eb5ddb02216c2fefa9fe156352cbc94c5f099aed06294625f382cb98e81b298db43cb6a3ac709c0e26d936af1b6e37ef1848f50624798354fc53046e5e77cd12cdb09fd63405ce104ff00a4f2f879fb9a8a5b967c724b8fe1c30eff0079ddde43a0297749ff000ea0f9115e508dd9f20e9708f3802951a16c9ec88e5fd7fd79f38a22d5de9a6fd06c47cbad0ee7de676dfc5a93af3d840d75034d2bcbd890a3339883bf3988f08fa79452b1926dd22c12eee260e80411cf411eff005ad15c49cd1b0d07a0d07d0564380e15af5e4b8ea56ddbf1aa7295f80b1e7e22ba79ebceb676574a305b872c5476bdfa9ee1be1155dc6ed6cded5636b4d2a1e229287cb5aa9cfd4e4d6d7c7748e6ef1e998c517c270c1ede31db65b2541f332f3ec6d2fce86e0dadb9f21f854fc1ee1ee71abd6d661ecb701fcaaab90cbe1452d86390f4ad5f649a70ca3f659c7fb59bfdeacc581e035b0ec2608fe8d9bf6ae3b0f41957f1435a4f6122b745c8484a888f09a2b11a08a8eca4ad48b07f0fbda29ea051577ad55601e04742455925c91400cc3f6a1322b2f237328f624fe540e06e691563db5baacd901198382448d3c1bebeb54f856037200f515ad50eb1647ba4c58fe12d7af5b1ae4886204e5dccf4d6bd6ec5c18efd63978358fe2ab9c263ad281e35933331ec27a7954afc42d9d3bc5f59d768e5cbebad07964b64cdfd2c9eee2cabe11d9f6b37975ce01460c3407c401046a4106babdb686b64f20edbfeec7e75cedf1e9a81757e1613b7bfe11e9509c42e87bf6911fae7506246e3a1a572bddb28bb3cd2ad2cbbbd88ccec49237e60c0931cbfe9e5ce3ef08133afb723a8a017895a10038000206bb0d37f380075debc4c623b10a73449200e5f0cc03e9a79cef4a98258e4b769fd034e24f3f9c8f2e71b7e714a8763e2d17e5949f3eb3afe5a0dcaa62744254802402608eba49dcf311ac408fc03786be82040b67791a86dfa93f5a29ee7888d86e04c11e4069034274a5c3ec7798cb56c1dd08247219a58ea742164efc875a6686c72f8bd8d4f02c245b0ff00ad77c73107209c93f363e856add45308d741036039003603c86d52c518a232646c29b77e134e6a4574a20390f095c9de5b3ba1287d54907f0a37b2d6b33df5eb6caff11d3f3a93b4b83ee71b74442dc02eaff8b46ff6831f7a7762ed1cd79fcd167d3313f88aa2e6cd7b2465ecdcfba35d43b1d672e12d022217ea753f526b99f739ef1b4bb35d2a3d3311f8575ee1f87c96d57a0ad304581e36dc0a8f0874a2f1c3c2683c10d0d4ca21b65a1d87bd1e8fa5037121c1f6a24ed582663b48a1bc503e38fa1fe550f0cc3ac824081be9f2fc27da88e28848589ca4e62790d0ff003a9ed5bca32850244c9d0cf87e2998d44c7e106b2e00e5b911550000066cb944281ee35f12f999fc69d710313f0c1e5a74db48febe8fb6dae55d3581a4111d235034db5dbce9359833b4b4c447887224833a74ea75a5a36b678eaa41f080728274e60f97f5bd27402642802360264ee0ff0017d74af6ddd82ab03731e383a4680c02640df6d2bdb0df0feb0f1483ac88319b707fe7b9e7a8dae478c02e639331510090bb91ce753faa01df43aeb428b617125447f641769d4b489d353b6b1cb5a99e32e6f092a0a366e794ef73a0d20b43101b949a196dce20f20501fda000668260ea341be6dc794668ae3777ecc39cf9651a03249861bcb4493ca95405880090637e614c8e598ff23e55e56a25a81cbb107404130b27269fb46466f99e54eb18e6b77cba32ab2db2254ac1d44cea409e63f9cd04ce3562be26d16664fa96034d7fa27559a5c00620738e47f776df9f5f4a7920e17cfb335d87ed432e5cca5f36c429493e4093bea7da8d1daeb707ee6ec8dd4052796bf17433d6b09a10c4e8a4b0cc4b49d80651a0813f4f7a7a62329580614680292c46a24a99ea3e9b6d468959b26ed5a1ca45a72ad0034ac499d0c49074e71d2a33daa78fec0ab4901493ac11254e596f090741e5bd649ee91037984710b0be1132771004880279ef21ed13041cb11304124004152a667d4f2ad46b24edce385d7b4fa0285ad98fded75933a653c86ff20381df55b5764c788b449d42a0e4083efb6deece2b97b8d4ea184491235d888e9e67ad0b81c410976d82406463bb0d4a95331a74dfa53a5e116e98370549bf6d8f32cdd04e5623eb15d1ed768480a1edb19d018cb3027624f2ae6783bf94db23930e71cf5d7969ceb44ce607836d3e124a4ee06b948f23b4cebb509a3459aeb9c66cba9f141d743e5bc46f4ce1b8ab6db5c433b788564462fc73244001418106483aebe914d5c4108cd264e818b119a3c2a4c29d4c0127a4e94ba47b377750751f3a171f8b54b6c4904c1800c993b6db5667805f097addb3f0b10a06b034201598e640e7cbceb498dc1a99000d411492d878ee5559ba4da032c91a0f38123eab4c56916c05757819a64102082606a7c423a6a4ed44711c3116002a540604990c3a082a64192378dfd8d33c19952398890d324182ba11ebd75a68ee8593dc396ea848cc0ae6041d031398402092a75eb074f7a572f68539e84a9d4988d47ecd005865520824ee0c107d5343a6de5e74db988394aeb1c9433444c8d0e9ed228d0a59362a4142586de1dc8d7581ac9e73bc8af2e42c285220168690267524e63a4efebce6ab85f804012586c1a07f8979cc7bc53ae5c823c33cb36525a04784c90ba1e604f2f3ad460b6bab12c400c2588991b44a0e50489f4f5a15da5fc23fd191946bb4e8b113bf3227ad44317f19ce44e80c8042e5e444cf33a54172e190220ba9904c039ccb6c3a4989df99e61c782d89f3eccb65be3c6e600d89526343105b4d6674f33bc98555e3164428d4893a96900f20742068391d8f952a6a23606b8a8990201d3483e86139faf4a7dc712081e226775214f999e5d7d284b57005e71afed000790d3fae75e5c685dfa6c41f4d399f2a671b3472383b88735c331a93bfd373bfa5312e83e1d7c3b9d60441db2f4f3e74335dd478493e8bb7e1cbad789725a42188208ca9e464098f7a1dda1ffa89fa7d1067780495040899fda11fdcfa9e94dcfb104c1035d34fc34d77142f7c17c6272c2e9e1e53ca3f0ad259e01876503f4fb42729f853c5e0662415b9e112b9406cad20e80950777680fb4cfd3e88cdf1230840248911b0dccec27789a152e1074e6ac08d3511246be95a2c6f03b2cd691b123c46ecc77640eec1c8a1cddc99ae40892075930282e37c22c61fbb6b38bb7889628c1041519478880c49539c411e63706a918a51a24f2372bfd8a64bc24422ebb6d56e6331f1133ae9964c6fb4fd6396f4f181b720855e53a0fd83cbdd4c5416ae919f32ae8c801291a19048076d87ccf5a8ea52e11e8becf96349b5bdf45d158e0c482a0b1d2234ca7ac0898f6af5ae185d49d46f9011e704e94eb8445d0b1e168f0ae523e207d76dfca9f03ef1b2881041d79a099fc685af2377593f52fa795ff040d7195be2e5b8c93e4267ccd1773b6b7d3c2a11888f13893ed040f7d683b2d915a640898f169e21b18f3ebceacf81f00c25dc2ddc45fc435acb79126010c8b6cbbdb5cc27bd2aad94cc1202f3aa4631be0e2cb924d2b645fe59deba972d5c5b64103541047897cd811ad40cfaea4c13bc083edfd035a9b3f677651f28b8d9ff004ceefbacf6cbfe86713fa3f79908cd9b34367cb960d3dfb2960857b6b7f10196cb64b1790f74b77bf9bfdeb594ce83ba51a840199d59b4a2e0848679455266491334892636fc81001823cebc598df9ea3c267d899fa4e9b55ef16e0166d59bd796f67745c11c841f07e916b3be76650ac09d572318e7ad17c4bb3362ddb63188b4e70976f8b6eca42b5ab9908706d29604329f08cb33959c6b43421ffa99f9fd91980c41033c4f3f2ff101fcf6d2980ee2679e80478bac03f8fb0a8d2ec6abe9a1fc90d446f9100c4f98127e6286841efe7e7f6410cf23f5c81a904ceda8204cf2dbd2bd6639841eb2495e9b1f175a83342824903ca3e5a1d6bc1b091bcf875d49e5beff00ce8e94679e4d537f625374ab379c6c773d7e2f28e629525b99560927a0f14fe026956256048b23965ea06bee01a3384e2d5588246a00f1112751a8ce0f29db7db4aad620ebf09f215eb39204911cfcfeb4c217b73148d97552066fd81bc44c0d763bed341636e27c4b94eda6fd7503972fa5571ba3ca3d87ca4d499098dbd340474d45631206ca240107901a7b6b4d37349060933008d4f3d298183098d3a48067ca05786e73991fdef96d5863dbb6f3402639ec67da685b96194efb7b1a245c8313a1eb275f7af418304c4f5f08fce8d81ab15bc7b44313ebb6c2396da693525cba0cc66968fd72db6db9d7dea06b423f30247b4546491fd03f4a1482e727cb64ceaca742c24ebaea7e475a56f1ceba7e235da3f0d2a3efbcbe63f9539c29d647b695a9054e4b86c952fcc8cdbf91f2d37a8ef61d4c723d60fd454041dea45bd235e5d3483585bbe486ee1e0c7e5525bbb1a11a09e5a6bbe95231044181ea4c54047a7ce985e02acbacec3e43e7ad39b2c4401af58d791cbb5076da0e9eda54c97a7c274f5d07ca850d6126e0d3fe6a7f886d483468b20ccef3f8d459b9ebf2fcc72af0b499fc21be534024837d57e8093e7ff3af7bc8310348825753d76350b188d343d57f95267024c8f41a563124c882c6473cad3fd694a997093a8d0f59ff00957b58c456da34a69d0c8a54a9851f6f51aeb48a09dbfad6952a530ec32093a74fc6a0bcde23eb4a9514663072f5a76d4a95100d170f5a72ed4a956308d246d6952ac61d7ae1d35a69e54a956089b71e95e36f4a95600ca72edfd7952a558c7b9a2a5b4d4a9500a1673d6bdb370f5a54a818716f10f4a54a95631fffd9, 'MURDER MYSTERY II', '2023-03-31', 89, 'PG-13', 'Now private detectives launching their own agency, Nick and Audrey Spitz land at the centre of an international investigation when a friend is abducted.');

-- --------------------------------------------------------

--
-- Table structure for table `seats`
--

CREATE TABLE `seats` (
  `seat_id` int(100) NOT NULL COMMENT 'seat id',
  `seats` int(100) NOT NULL COMMENT 'no of seats',
  `status` enum('available','booked','','') NOT NULL DEFAULT 'available' COMMENT 'availability of seats',
  `index` int(11) NOT NULL
) ENGINE=InnoDB DEFAULT CHARSET=utf8mb4 COLLATE=utf8mb4_general_ci;

-- --------------------------------------------------------

--
-- Table structure for table `showtimes`
--

CREATE TABLE `showtimes` (
  `showtime_id` int(100) NOT NULL COMMENT 'ID for the showtime of various movies',
  `movie_id` int(20) NOT NULL COMMENT 'Identifier for each movie',
  `theater_id` int(100) NOT NULL,
  `theater_name` varchar(100) NOT NULL,
  `showtime` datetime NOT NULL COMMENT 'Time of the showtime'
) ENGINE=InnoDB DEFAULT CHARSET=utf8mb4 COLLATE=utf8mb4_general_ci;

--
-- Dumping data for table `showtimes`
--

INSERT INTO `showtimes` (`showtime_id`, `movie_id`, `theater_id`, `theater_name`, `showtime`) VALUES
(1, 1, 1, 'ARIA', '2023-04-26 08:00:00'),
(2, 2, 2, 'NOVA', '2023-04-26 08:00:00'),
(3, 3, 3, 'AUGUST', '2023-04-26 08:00:00'),
(4, 4, 4, 'BROOKLYN', '2023-04-26 08:00:00'),
(5, 5, 5, 'CAIRO', '2023-04-26 08:00:00'),
(6, 1, 2, 'NOVA', '2023-04-26 13:00:00'),
(7, 2, 1, 'ARIA', '2023-04-26 13:00:00'),
(8, 3, 4, 'BROOKLYN', '2023-04-26 13:00:00'),
(9, 4, 5, 'CAIRO', '2023-04-26 13:00:00'),
(10, 5, 3, 'AUGUST', '2023-04-27 13:00:00'),
(11, 4, 1, 'ARIA', '2023-04-27 09:00:00'),
(12, 3, 2, 'NOVA', '2023-04-27 09:00:00'),
(13, 5, 3, '', '2023-04-27 09:00:00'),
(14, 2, 4, 'BROOKLYN', '2023-04-27 09:00:00'),
(15, 1, 5, 'CAIRO', '2023-04-27 09:00:00'),
(16, 1, 3, 'AUGUST', '2023-04-27 12:50:00'),
(17, 2, 4, 'BROOKLYN', '2023-04-27 12:50:00'),
(18, 3, 5, 'CAIRO', '2023-04-27 12:50:00'),
(19, 4, 1, 'ARIA', '2023-04-27 12:50:00'),
(20, 5, 2, 'NOVA', '2023-04-27 12:50:00');

-- --------------------------------------------------------

--
-- Table structure for table `theaters`
--

CREATE TABLE `theaters` (
  `theater_id` int(100) NOT NULL COMMENT 'identifier for each theater',
  `theater_name` varchar(100) NOT NULL COMMENT 'Name of the theater',
  `hallway` varchar(100) NOT NULL COMMENT 'Address of the theater',
  `seat_no` int(11) NOT NULL COMMENT 'No of seats in the theater',
  `address` varchar(100) NOT NULL COMMENT 'Theater addresss'
) ENGINE=InnoDB DEFAULT CHARSET=utf8mb4 COLLATE=utf8mb4_general_ci;

--
-- Dumping data for table `theaters`
--

INSERT INTO `theaters` (`theater_id`, `theater_name`, `hallway`, `seat_no`, `address`) VALUES
(1, 'ARIA', 'EAST ', 70, 'NAIROBI,KENYA'),
(2, 'NOVA', 'EAST ', 60, 'NAIROBI,KENYA'),
(3, 'AUGUST', 'WEST ', 72, 'NAIROBI,KENYA'),
(4, 'BROOKLYN', 'WEST', 65, 'NAIROBI,KENYA'),
(5, 'CAIRO', 'WEST', 79, 'NAIROBI,KENYA');

-- --------------------------------------------------------

--
-- Table structure for table `users`
--

CREATE TABLE `users` (
  `user_id` int(20) NOT NULL,
  `user_name` varchar(100) NOT NULL,
  `password` varchar(100) NOT NULL,
  `email` varchar(100) NOT NULL,
  `date` timestamp NOT NULL DEFAULT current_timestamp() ON UPDATE current_timestamp()
) ENGINE=InnoDB DEFAULT CHARSET=utf8mb4 COLLATE=utf8mb4_general_ci;

--
-- Dumping data for table `users`
--

INSERT INTO `users` (`user_id`, `user_name`, `password`, `email`, `date`) VALUES
(1, 'myriad', 'as1234', 'kanyimahugu@gmail.com', '2023-04-25 23:43:13'),
(2, 'JJ', 'sss12', 'jjsham@gmail.com', '2023-04-25 23:50:01'),
(3, 'Cate', 'az123', 'catemahugu@gmail.com', '2023-04-25 23:50:12'),
(4, 'james', 'db123', 'maxwelljames@gmail.com', '2023-04-25 23:50:47');

--
-- Indexes for dumped tables
--

--
-- Indexes for table `movies`
--
ALTER TABLE `movies`
  ADD PRIMARY KEY (`movie_id`);

--
-- Indexes for table `showtimes`
--
ALTER TABLE `showtimes`
  ADD PRIMARY KEY (`showtime_id`) USING BTREE,
  ADD KEY `theater_name` (`theater_name`),
  ADD KEY `theater_id` (`theater_id`),
  ADD KEY `movie_id_2` (`movie_id`),
  ADD KEY `movie_id_3` (`movie_id`),
  ADD KEY `movie_id` (`movie_id`) USING BTREE;

--
-- Indexes for table `theaters`
--
ALTER TABLE `theaters`
  ADD PRIMARY KEY (`theater_id`);

--
-- Indexes for table `users`
--
ALTER TABLE `users`
  ADD PRIMARY KEY (`user_id`),
  ADD KEY `user_name` (`user_name`);

--
-- AUTO_INCREMENT for dumped tables
--

--
-- AUTO_INCREMENT for table `showtimes`
--
ALTER TABLE `showtimes`
  MODIFY `showtime_id` int(100) NOT NULL AUTO_INCREMENT COMMENT 'ID for the showtime of various movies', AUTO_INCREMENT=33;

--
-- AUTO_INCREMENT for table `theaters`
--
ALTER TABLE `theaters`
  MODIFY `theater_id` int(100) NOT NULL AUTO_INCREMENT COMMENT 'identifier for each theater', AUTO_INCREMENT=6;

--
-- AUTO_INCREMENT for table `users`
--
ALTER TABLE `users`
  MODIFY `user_id` int(20) NOT NULL AUTO_INCREMENT, AUTO_INCREMENT=8;

--
-- Constraints for dumped tables
--

--
-- Constraints for table `showtimes`
--
ALTER TABLE `showtimes`
  ADD CONSTRAINT `showtimes_ibfk_3` FOREIGN KEY (`theater_id`) REFERENCES `theaters` (`theater_id`);
COMMIT;

/*!40101 SET CHARACTER_SET_CLIENT=@OLD_CHARACTER_SET_CLIENT */;
/*!40101 SET CHARACTER_SET_RESULTS=@OLD_CHARACTER_SET_RESULTS */;
/*!40101 SET COLLATION_CONNECTION=@OLD_COLLATION_CONNECTION */;
